,odds_ratio,ci_low,ci_high,p_value
Intercept,0.0212,0.0145,0.0312,0.0
"C(region, Treatment(reference='Southeast'))[T.Center-West]",0.9487,0.7371,1.2211,0.6828
"C(region, Treatment(reference='Southeast'))[T.North]",0.752,0.4689,1.2063,0.2372
"C(region, Treatment(reference='Southeast'))[T.Northeast]",0.7032,0.5583,0.8858,0.0028
"C(region, Treatment(reference='Southeast'))[T.South]",0.7785,0.6489,0.9341,0.0071
"C(first_category_top10, Treatment(reference='other'))[T.bed_bath_table]",1.4128,1.1666,1.7109,0.0004
"C(first_category_top10, Treatment(reference='other'))[T.computers_accessories]",0.7791,0.5902,1.0285,0.0781
"C(first_category_top10, Treatment(reference='other'))[T.cool_stuff]",0.5384,0.3637,0.7972,0.002
"C(first_category_top10, Treatment(reference='other'))[T.furniture_decor]",1.2558,0.9958,1.5838,0.0543
"C(first_category_top10, Treatment(reference='other'))[T.health_beauty]",1.0541,0.8345,1.3315,0.6586
"C(first_category_top10, Treatment(reference='other'))[T.housewares]",0.847,0.6274,1.1435,0.2783
"C(first_category_top10, Treatment(reference='other'))[T.sports_leisure]",1.3689,1.1125,1.6843,0.003
"C(first_category_top10, Treatment(reference='other'))[T.telephony]",0.9365,0.6853,1.2798,0.6807
"C(first_category_top10, Treatment(reference='other'))[T.toys]",0.8825,0.6466,1.2046,0.4312
"C(first_category_top10, Treatment(reference='other'))[T.watches_gifts]",0.9451,0.6975,1.2805,0.7154
first_late,0.788,0.6084,1.0205,0.0709
first_voucher,1.2771,0.9747,1.6734,0.0761
np.log(first_value),0.9997,0.9245,1.0809,0.9934
