check_name,table_name,metric_value,expected,status
row_count_vs_staging,category_translation,71.000,= 71,PASS
row_count_vs_staging,geolocation_zip,19010.000,= 19010,PASS
row_count_vs_staging,customers,99441.000,= 99441,PASS
row_count_vs_staging,sellers,3095.000,= 3095,PASS
row_count_vs_staging,products,32951.000,= 32951,PASS
row_count_vs_staging,orders,99441.000,= 99441,PASS
row_count_vs_staging,order_items,112650.000,= 112650,PASS
row_count_vs_staging,order_payments,103883.000,= 103883,PASS
row_count_vs_staging,order_reviews,98673.000,= 98673,PASS
row_count_vs_staging,seller_leads,8000.000,= 8000,PASS
pk_duplicate_keys,category_translation,0.000,= 0,PASS
pk_duplicate_keys,geolocation_zip,0.000,= 0,PASS
pk_duplicate_keys,customers,0.000,= 0,PASS
pk_duplicate_keys,sellers,0.000,= 0,PASS
pk_duplicate_keys,products,0.000,= 0,PASS
pk_duplicate_keys,orders,0.000,= 0,PASS
pk_duplicate_keys,order_items,0.000,= 0,PASS
pk_duplicate_keys,order_payments,0.000,= 0,PASS
pk_duplicate_keys,order_reviews,0.000,= 0,PASS
pk_duplicate_keys,seller_leads,0.000,= 0,PASS
orphan_fk_item_without_order,order_items,0.000,= 0,PASS
orphan_fk_item_without_product,order_items,0.000,= 0,PASS
orphan_fk_item_without_seller,order_items,0.000,= 0,PASS
orphan_fk_payment_without_order,order_payments,0.000,= 0,PASS
orphan_fk_review_without_order,order_reviews,0.000,= 0,PASS
orphan_fk_order_without_customer,orders,0.000,= 0,PASS
pct_orders_with_ts_anomaly,orders,1.390,<= 1%,WARN
pct_delivered_without_date,orders,0.008,<= 1%,PASS
valid_deliveries_with_negative_days,orders,0.000,= 0,PASS
pct_customer_zips_missing_geolocation,customers,0.281,<= 1%,PASS
payments_vs_items_gap_pct,order_items/order_payments,0.018,<= 2%,PASS
text_values_with_control_chars,products/translation/reviews/leads,0.000,= 0,PASS
max_orders_per_customer_unique_id,customers,17.000,info only,PASS
order_status_values_outside_check_list,stg_orders,0.000,= 0,PASS
