year_month,orders,gmv_brl,aov_brl,gmv_prev_month,gmv_mom_pct,gmv_same_month_last_year,gmv_yoy_pct,gmv_3m_moving_avg,gmv_running_total
2017-01,787,136943.46,174.01,,,,,136943.46,136943.46
2017-02,1718,283561.69,165.05,136943.46,107.06,,,210252.58,420505.15
2017-03,2617,425617.96,162.64,283561.69,50.10,,,282041.04,846123.11
2017-04,2377,405848.61,170.74,425617.96,-4.64,,,371676.09,1251971.72
2017-05,3640,582710.83,160.09,405848.61,43.58,,,471392.47,1834682.55
2017-06,3205,499652.24,155.90,582710.83,-14.25,,,496070.56,2334334.79
2017-07,3946,578753.73,146.67,499652.24,15.83,,,553705.60,2913088.52
2017-08,4272,661903.52,154.94,578753.73,14.37,,,580103.16,3574992.04
2017-09,4227,717102.72,169.65,661903.52,8.34,,,652586.66,4292094.76
2017-10,4547,764756.03,168.19,717102.72,6.65,,,714587.42,5056850.79
2017-11,7421,1172191.68,157.96,764756.03,53.28,,,884683.48,6229042.47
2017-12,5618,861526.77,153.35,1172191.68,-26.50,,,932824.83,7090569.24
2018-01,7187,1101920.01,153.32,861526.77,27.90,136943.46,704.65,1045212.82,8192489.25
2018-02,6624,979486.16,147.87,1101920.01,-11.11,283561.69,245.42,980977.65,9171975.41
2018-03,7168,1152656.99,160.81,979486.16,17.68,425617.96,170.82,1078021.05,10324632.40
2018-04,6919,1156248.89,167.11,1152656.99,0.31,405848.61,184.90,1096130.68,11480881.29
2018-05,6833,1145686.46,167.67,1156248.89,-0.91,582710.83,96.61,1151530.78,12626567.75
2018-06,6145,1020381.90,166.05,1145686.46,-10.94,499652.24,104.22,1107439.08,13646949.65
2018-07,6233,1039783.58,166.82,1020381.90,1.90,578753.73,79.66,1068617.31,14686733.23
2018-08,6421,996973.51,155.27,1039783.58,-4.12,661903.52,50.62,1019046.33,15683706.74
