day,customer_region,orders,orders_7d_moving_avg
2017-01-01,Center-West,0,0.00
2017-01-02,Center-West,0,0.00
2017-01-03,Center-West,0,0.00
2017-01-04,Center-West,0,0.00
2017-01-05,Center-West,0,0.00
2017-01-06,Center-West,0,0.00
2017-01-07,Center-West,0,0.00
2017-01-08,Center-West,0,0.00
2017-01-09,Center-West,0,0.00
2017-01-10,Center-West,0,0.00
2017-01-11,Center-West,0,0.00
2017-01-12,Center-West,1,0.14
2017-01-13,Center-West,1,0.29
2017-01-14,Center-West,4,0.86
2017-01-15,Center-West,1,1.00
2017-01-16,Center-West,2,1.29
2017-01-17,Center-West,0,1.29
2017-01-18,Center-West,1,1.43
2017-01-19,Center-West,1,1.43
2017-01-20,Center-West,1,1.43
2017-01-21,Center-West,3,1.29
2017-01-22,Center-West,2,1.43
2017-01-23,Center-West,2,1.43
2017-01-24,Center-West,3,1.86
2017-01-25,Center-West,3,2.14
2017-01-26,Center-West,5,2.71
2017-01-27,Center-West,4,3.14
2017-01-28,Center-West,4,3.29
2017-01-29,Center-West,4,3.57
2017-01-30,Center-West,1,3.43
2017-01-31,Center-West,0,3.00
2017-02-01,Center-West,2,2.86
2017-02-02,Center-West,1,2.29
2017-02-03,Center-West,1,1.86
2017-02-04,Center-West,4,1.86
2017-02-05,Center-West,1,1.43
2017-02-06,Center-West,6,2.14
2017-02-07,Center-West,7,3.14
2017-02-08,Center-West,5,3.57
2017-02-09,Center-West,3,3.86
2017-02-10,Center-West,2,4.00
2017-02-11,Center-West,0,3.43
2017-02-12,Center-West,4,3.86
2017-02-13,Center-West,5,3.71
2017-02-14,Center-West,4,3.29
2017-02-15,Center-West,0,2.57
2017-02-16,Center-West,2,2.43
2017-02-17,Center-West,4,2.71
2017-02-18,Center-West,1,2.86
2017-02-19,Center-West,3,2.71
2017-02-20,Center-West,3,2.43
2017-02-21,Center-West,4,2.43
2017-02-22,Center-West,4,3.00
2017-02-23,Center-West,1,2.86
2017-02-24,Center-West,2,2.57
2017-02-25,Center-West,3,2.86
2017-02-26,Center-West,2,2.71
2017-02-27,Center-West,1,2.43
2017-02-28,Center-West,1,2.00
2017-03-01,Center-West,8,2.57
2017-03-02,Center-West,4,3.00
2017-03-03,Center-West,3,3.14
2017-03-04,Center-West,4,3.29
2017-03-05,Center-West,7,4.00
2017-03-06,Center-West,4,4.43
2017-03-07,Center-West,0,4.29
2017-03-08,Center-West,3,3.57
2017-03-09,Center-West,9,4.29
2017-03-10,Center-West,3,4.29
2017-03-11,Center-West,8,4.86
2017-03-12,Center-West,4,4.43
2017-03-13,Center-West,4,4.43
2017-03-14,Center-West,3,4.86
2017-03-15,Center-West,6,5.29
2017-03-16,Center-West,7,5.00
2017-03-17,Center-West,2,4.86
2017-03-18,Center-West,9,5.00
2017-03-19,Center-West,2,4.71
2017-03-20,Center-West,4,4.71
2017-03-21,Center-West,6,5.14
2017-03-22,Center-West,7,5.29
2017-03-23,Center-West,7,5.29
2017-03-24,Center-West,5,5.71
2017-03-25,Center-West,2,4.71
2017-03-26,Center-West,3,4.86
2017-03-27,Center-West,5,5.00
2017-03-28,Center-West,5,4.86
2017-03-29,Center-West,2,4.14
2017-03-30,Center-West,2,3.43
2017-03-31,Center-West,2,3.00
2017-04-01,Center-West,8,3.86
2017-04-02,Center-West,2,3.71
2017-04-03,Center-West,3,3.43
2017-04-04,Center-West,2,3.00
2017-04-05,Center-West,0,2.71
2017-04-06,Center-West,2,2.71
2017-04-07,Center-West,7,3.43
2017-04-08,Center-West,1,2.43
2017-04-09,Center-West,2,2.43
2017-04-10,Center-West,5,2.71
2017-04-11,Center-West,1,2.57
2017-04-12,Center-West,4,3.14
2017-04-13,Center-West,1,3.00
2017-04-14,Center-West,7,3.00
2017-04-15,Center-West,1,3.00
2017-04-16,Center-West,2,3.00
2017-04-17,Center-West,5,3.00
2017-04-18,Center-West,3,3.29
2017-04-19,Center-West,4,3.29
2017-04-20,Center-West,4,3.71
2017-04-21,Center-West,7,3.71
2017-04-22,Center-West,7,4.57
2017-04-23,Center-West,2,4.57
2017-04-24,Center-West,3,4.29
2017-04-25,Center-West,3,4.29
2017-04-26,Center-West,10,5.14
2017-04-27,Center-West,9,5.86
2017-04-28,Center-West,4,5.43
2017-04-29,Center-West,5,5.14
2017-04-30,Center-West,4,5.43
2017-05-01,Center-West,4,5.57
2017-05-02,Center-West,4,5.71
2017-05-03,Center-West,6,5.14
2017-05-04,Center-West,10,5.29
2017-05-05,Center-West,11,6.29
2017-05-06,Center-West,6,6.43
2017-05-07,Center-West,5,6.57
2017-05-08,Center-West,7,7.00
2017-05-09,Center-West,4,7.00
2017-05-10,Center-West,10,7.57
2017-05-11,Center-West,6,7.00
2017-05-12,Center-West,6,6.29
2017-05-13,Center-West,4,6.00
2017-05-14,Center-West,6,6.14
2017-05-15,Center-West,8,6.29
2017-05-16,Center-West,3,6.14
2017-05-17,Center-West,7,5.71
2017-05-18,Center-West,10,6.29
2017-05-19,Center-West,9,6.71
2017-05-20,Center-West,3,6.57
2017-05-21,Center-West,6,6.57
2017-05-22,Center-West,14,7.43
2017-05-23,Center-West,10,8.43
2017-05-24,Center-West,9,8.71
2017-05-25,Center-West,6,8.14
2017-05-26,Center-West,3,7.29
2017-05-27,Center-West,3,7.29
2017-05-28,Center-West,5,7.14
2017-05-29,Center-West,11,6.71
2017-05-30,Center-West,6,6.14
2017-05-31,Center-West,11,6.43
2017-06-01,Center-West,2,5.86
2017-06-02,Center-West,12,7.14
2017-06-03,Center-West,4,7.29
2017-06-04,Center-West,8,7.71
2017-06-05,Center-West,11,7.71
2017-06-06,Center-West,4,7.43
2017-06-07,Center-West,4,6.43
2017-06-08,Center-West,15,8.29
2017-06-09,Center-West,7,7.57
2017-06-10,Center-West,7,8.00
2017-06-11,Center-West,8,8.00
2017-06-12,Center-West,5,7.14
2017-06-13,Center-West,12,8.29
2017-06-14,Center-West,7,8.71
2017-06-15,Center-West,5,7.29
2017-06-16,Center-West,8,7.43
2017-06-17,Center-West,3,6.86
2017-06-18,Center-West,6,6.57
2017-06-19,Center-West,9,7.14
2017-06-20,Center-West,6,6.29
2017-06-21,Center-West,0,5.29
2017-06-22,Center-West,2,4.86
2017-06-23,Center-West,10,5.14
2017-06-24,Center-West,6,5.57
2017-06-25,Center-West,7,5.71
2017-06-26,Center-West,3,4.86
2017-06-27,Center-West,3,4.43
2017-06-28,Center-West,8,5.57
2017-06-29,Center-West,9,6.57
2017-06-30,Center-West,10,6.57
2017-07-01,Center-West,3,6.14
2017-07-02,Center-West,4,5.71
2017-07-03,Center-West,5,6.00
2017-07-04,Center-West,7,6.57
2017-07-05,Center-West,7,6.43
2017-07-06,Center-West,5,5.86
2017-07-07,Center-West,10,5.86
2017-07-08,Center-West,10,6.86
2017-07-09,Center-West,6,7.14
2017-07-10,Center-West,9,7.71
2017-07-11,Center-West,12,8.43
2017-07-12,Center-West,8,8.57
2017-07-13,Center-West,7,8.86
2017-07-14,Center-West,4,8.00
2017-07-15,Center-West,4,7.14
2017-07-16,Center-West,4,6.86
2017-07-17,Center-West,10,7.00
2017-07-18,Center-West,14,7.29
2017-07-19,Center-West,5,6.86
2017-07-20,Center-West,10,7.29
2017-07-21,Center-West,6,7.57
2017-07-22,Center-West,3,7.43
2017-07-23,Center-West,5,7.57
2017-07-24,Center-West,9,7.43
2017-07-25,Center-West,9,6.71
2017-07-26,Center-West,12,7.71
2017-07-27,Center-West,7,7.29
2017-07-28,Center-West,7,7.43
2017-07-29,Center-West,1,7.14
2017-07-30,Center-West,6,7.29
2017-07-31,Center-West,6,6.86
2017-08-01,Center-West,7,6.57
2017-08-02,Center-West,5,5.57
2017-08-03,Center-West,4,5.14
2017-08-04,Center-West,10,5.57
2017-08-05,Center-West,9,6.71
2017-08-06,Center-West,6,6.71
2017-08-07,Center-West,10,7.29
2017-08-08,Center-West,10,7.71
2017-08-09,Center-West,10,8.43
2017-08-10,Center-West,10,9.29
2017-08-11,Center-West,7,8.86
2017-08-12,Center-West,2,7.86
2017-08-13,Center-West,1,7.14
2017-08-14,Center-West,7,6.71
2017-08-15,Center-West,14,7.29
2017-08-16,Center-West,10,7.29
2017-08-17,Center-West,15,8.00
2017-08-18,Center-West,7,8.00
2017-08-19,Center-West,3,8.14
2017-08-20,Center-West,6,8.86
2017-08-21,Center-West,12,9.57
2017-08-22,Center-West,6,8.43
2017-08-23,Center-West,4,7.57
2017-08-24,Center-West,9,6.71
2017-08-25,Center-West,8,6.86
2017-08-26,Center-West,9,7.71
2017-08-27,Center-West,7,7.86
2017-08-28,Center-West,8,7.29
2017-08-29,Center-West,8,7.57
2017-08-30,Center-West,10,8.43
2017-08-31,Center-West,4,7.71
2017-09-01,Center-West,8,7.71
2017-09-02,Center-West,3,6.86
2017-09-03,Center-West,10,7.29
2017-09-04,Center-West,11,7.71
2017-09-05,Center-West,12,8.29
2017-09-06,Center-West,11,8.43
2017-09-07,Center-West,8,9.00
2017-09-08,Center-West,8,9.00
2017-09-09,Center-West,3,9.00
2017-09-10,Center-West,5,8.29
2017-09-11,Center-West,14,8.71
2017-09-12,Center-West,14,9.00
2017-09-13,Center-West,15,9.57
2017-09-14,Center-West,14,10.43
2017-09-15,Center-West,8,10.43
2017-09-16,Center-West,5,10.71
2017-09-17,Center-West,6,10.86
2017-09-18,Center-West,12,10.57
2017-09-19,Center-West,8,9.71
2017-09-20,Center-West,8,8.71
2017-09-21,Center-West,14,8.71
2017-09-22,Center-West,3,8.00
2017-09-23,Center-West,4,7.86
2017-09-24,Center-West,4,7.57
2017-09-25,Center-West,13,7.71
2017-09-26,Center-West,9,7.86
2017-09-27,Center-West,5,7.43
2017-09-28,Center-West,5,6.14
2017-09-29,Center-West,7,6.71
2017-09-30,Center-West,3,6.57
2017-10-01,Center-West,5,6.71
2017-10-02,Center-West,11,6.43
2017-10-03,Center-West,14,7.14
2017-10-04,Center-West,7,7.43
2017-10-05,Center-West,6,7.57
2017-10-06,Center-West,12,8.29
2017-10-07,Center-West,4,8.43
2017-10-08,Center-West,11,9.29
2017-10-09,Center-West,11,9.29
2017-10-10,Center-West,10,8.71
2017-10-11,Center-West,8,8.86
2017-10-12,Center-West,7,9.00
2017-10-13,Center-West,17,9.71
2017-10-14,Center-West,2,9.43
2017-10-15,Center-West,5,8.57
2017-10-16,Center-West,12,8.71
2017-10-17,Center-West,13,9.14
2017-10-18,Center-West,8,9.14
2017-10-19,Center-West,9,9.43
2017-10-20,Center-West,11,8.57
2017-10-21,Center-West,3,8.71
2017-10-22,Center-West,4,8.57
2017-10-23,Center-West,11,8.43
2017-10-24,Center-West,9,7.86
2017-10-25,Center-West,12,8.43
2017-10-26,Center-West,8,8.29
2017-10-27,Center-West,9,8.00
2017-10-28,Center-West,6,8.43
2017-10-29,Center-West,8,9.00
2017-10-30,Center-West,18,10.00
2017-10-31,Center-West,14,10.71
2017-11-01,Center-West,6,9.86
2017-11-02,Center-West,9,10.00
2017-11-03,Center-West,10,10.14
2017-11-04,Center-West,7,10.29
2017-11-05,Center-West,10,10.57
2017-11-06,Center-West,8,9.14
2017-11-07,Center-West,6,8.00
2017-11-08,Center-West,10,8.57
2017-11-09,Center-West,10,8.71
2017-11-10,Center-West,13,9.14
2017-11-11,Center-West,5,8.86
2017-11-12,Center-West,13,9.29
2017-11-13,Center-West,10,9.57
2017-11-14,Center-West,13,10.57
2017-11-15,Center-West,7,10.14
2017-11-16,Center-West,11,10.29
2017-11-17,Center-West,14,10.43
2017-11-18,Center-West,9,11.00
2017-11-19,Center-West,8,10.29
2017-11-20,Center-West,21,11.86
2017-11-21,Center-West,11,11.57
2017-11-22,Center-West,15,12.71
2017-11-23,Center-West,16,13.43
2017-11-24,Center-West,72,21.71
2017-11-25,Center-West,34,25.29
2017-11-26,Center-West,20,27.00
2017-11-27,Center-West,16,26.29
2017-11-28,Center-West,19,27.43
2017-11-29,Center-West,21,28.29
2017-11-30,Center-West,13,27.86
2017-12-01,Center-West,15,19.71
2017-12-02,Center-West,11,16.43
2017-12-03,Center-West,7,14.57
2017-12-04,Center-West,16,14.57
2017-12-05,Center-West,17,14.29
2017-12-06,Center-West,21,14.29
2017-12-07,Center-West,18,15.00
2017-12-08,Center-West,17,15.29
2017-12-09,Center-West,9,15.00
2017-12-10,Center-West,9,15.29
2017-12-11,Center-West,16,15.29
2017-12-12,Center-West,12,14.57
2017-12-13,Center-West,10,13.00
2017-12-14,Center-West,13,12.29
2017-12-15,Center-West,17,12.29
2017-12-16,Center-West,9,12.29
2017-12-17,Center-West,11,12.57
2017-12-18,Center-West,22,13.43
2017-12-19,Center-West,12,13.43
2017-12-20,Center-West,8,13.14
2017-12-21,Center-West,10,12.71
2017-12-22,Center-West,6,11.14
2017-12-23,Center-West,3,10.29
2017-12-24,Center-West,1,8.86
2017-12-25,Center-West,6,6.57
2017-12-26,Center-West,11,6.43
2017-12-27,Center-West,12,7.00
2017-12-28,Center-West,1,5.71
2017-12-29,Center-West,8,6.00
2017-12-30,Center-West,9,6.86
2017-12-31,Center-West,7,7.71
2018-01-01,Center-West,8,8.00
2018-01-02,Center-West,11,8.00
2018-01-03,Center-West,12,8.00
2018-01-04,Center-West,16,10.14
2018-01-05,Center-West,9,10.29
2018-01-06,Center-West,14,11.00
2018-01-07,Center-West,11,11.57
2018-01-08,Center-West,23,13.71
2018-01-09,Center-West,15,14.29
2018-01-10,Center-West,18,15.14
2018-01-11,Center-West,13,14.71
2018-01-12,Center-West,11,15.00
2018-01-13,Center-West,12,14.71
2018-01-14,Center-West,16,15.43
2018-01-15,Center-West,19,14.86
2018-01-16,Center-West,21,15.71
2018-01-17,Center-West,25,16.71
2018-01-18,Center-West,12,16.57
2018-01-19,Center-West,16,17.29
2018-01-20,Center-West,8,16.71
2018-01-21,Center-West,8,15.57
2018-01-22,Center-West,18,15.43
2018-01-23,Center-West,12,14.14
2018-01-24,Center-West,20,13.43
2018-01-25,Center-West,14,13.71
2018-01-26,Center-West,9,12.71
2018-01-27,Center-West,9,12.86
2018-01-28,Center-West,11,13.29
2018-01-29,Center-West,14,12.71
2018-01-30,Center-West,15,13.14
2018-01-31,Center-West,17,12.71
2018-02-01,Center-West,18,13.29
2018-02-02,Center-West,14,14.00
2018-02-03,Center-West,17,15.14
2018-02-04,Center-West,21,16.57
2018-02-05,Center-West,12,16.29
2018-02-06,Center-West,23,17.43
2018-02-07,Center-West,14,17.00
2018-02-08,Center-West,16,16.71
2018-02-09,Center-West,14,16.71
2018-02-10,Center-West,10,15.71
2018-02-11,Center-West,14,14.71
2018-02-12,Center-West,13,14.86
2018-02-13,Center-West,24,15.00
2018-02-14,Center-West,22,16.14
2018-02-15,Center-West,21,16.86
2018-02-16,Center-West,17,17.29
2018-02-17,Center-West,18,18.43
2018-02-18,Center-West,7,17.43
2018-02-19,Center-West,14,17.57
2018-02-20,Center-West,12,15.86
2018-02-21,Center-West,10,14.14
2018-02-22,Center-West,14,13.14
2018-02-23,Center-West,14,12.71
2018-02-24,Center-West,12,11.86
2018-02-25,Center-West,17,13.29
2018-02-26,Center-West,21,14.29
2018-02-27,Center-West,16,14.86
2018-02-28,Center-West,26,17.14
2018-03-01,Center-West,12,16.86
2018-03-02,Center-West,18,17.43
2018-03-03,Center-West,14,17.71
2018-03-04,Center-West,13,17.14
2018-03-05,Center-West,12,15.86
2018-03-06,Center-West,14,15.57
2018-03-07,Center-West,14,13.86
2018-03-08,Center-West,9,13.43
2018-03-09,Center-West,14,12.86
2018-03-10,Center-West,14,12.86
2018-03-11,Center-West,13,12.86
2018-03-12,Center-West,19,13.86
2018-03-13,Center-West,11,13.43
2018-03-14,Center-West,13,13.29
2018-03-15,Center-West,16,14.29
2018-03-16,Center-West,19,15.00
2018-03-17,Center-West,10,14.43
2018-03-18,Center-West,11,14.14
2018-03-19,Center-West,16,13.71
2018-03-20,Center-West,15,14.29
2018-03-21,Center-West,13,14.29
2018-03-22,Center-West,9,13.29
2018-03-23,Center-West,13,12.43
2018-03-24,Center-West,11,12.57
2018-03-25,Center-West,13,12.86
2018-03-26,Center-West,14,12.57
2018-03-27,Center-West,15,12.57
2018-03-28,Center-West,17,13.14
2018-03-29,Center-West,10,13.29
2018-03-30,Center-West,6,12.29
2018-03-31,Center-West,11,12.29
2018-04-01,Center-West,9,11.71
2018-04-02,Center-West,8,10.86
2018-04-03,Center-West,12,10.43
2018-04-04,Center-West,21,11.00
2018-04-05,Center-West,10,11.00
2018-04-06,Center-West,8,11.29
2018-04-07,Center-West,9,11.00
2018-04-08,Center-West,11,11.29
2018-04-09,Center-West,9,11.43
2018-04-10,Center-West,10,11.14
2018-04-11,Center-West,14,10.14
2018-04-12,Center-West,15,10.86
2018-04-13,Center-West,18,12.29
2018-04-14,Center-West,8,12.14
2018-04-15,Center-West,9,11.86
2018-04-16,Center-West,14,12.57
2018-04-17,Center-West,15,13.29
2018-04-18,Center-West,21,14.29
2018-04-19,Center-West,24,15.57
2018-04-20,Center-West,11,14.57
2018-04-21,Center-West,9,14.71
2018-04-22,Center-West,11,15.00
2018-04-23,Center-West,23,16.29
2018-04-24,Center-West,16,16.43
2018-04-25,Center-West,17,15.86
2018-04-26,Center-West,15,14.57
2018-04-27,Center-West,14,15.00
2018-04-28,Center-West,5,14.43
2018-04-29,Center-West,8,14.00
2018-04-30,Center-West,15,12.86
2018-05-01,Center-West,20,13.43
2018-05-02,Center-West,16,13.29
2018-05-03,Center-West,19,13.86
2018-05-04,Center-West,18,14.43
2018-05-05,Center-West,12,15.43
2018-05-06,Center-West,19,17.00
2018-05-07,Center-West,27,18.71
2018-05-08,Center-West,18,18.43
2018-05-09,Center-West,18,18.71
2018-05-10,Center-West,17,18.43
2018-05-11,Center-West,15,18.00
2018-05-12,Center-West,14,18.29
2018-05-13,Center-West,13,17.43
2018-05-14,Center-West,21,16.57
2018-05-15,Center-West,17,16.43
2018-05-16,Center-West,19,16.57
2018-05-17,Center-West,12,15.86
2018-05-18,Center-West,8,14.86
2018-05-19,Center-West,3,13.29
2018-05-20,Center-West,12,13.14
2018-05-21,Center-West,11,11.71
2018-05-22,Center-West,7,10.29
2018-05-23,Center-West,7,8.57
2018-05-24,Center-West,5,7.57
2018-05-25,Center-West,5,7.14
2018-05-26,Center-West,3,7.14
2018-05-27,Center-West,4,6.00
2018-05-28,Center-West,11,6.00
2018-05-29,Center-West,9,6.29
2018-05-30,Center-West,10,6.71
2018-05-31,Center-West,2,6.29
2018-06-01,Center-West,13,7.43
2018-06-02,Center-West,2,7.29
2018-06-03,Center-West,12,8.43
2018-06-04,Center-West,6,7.71
2018-06-05,Center-West,4,7.00
2018-06-06,Center-West,17,8.00
2018-06-07,Center-West,10,9.14
2018-06-08,Center-West,15,9.43
2018-06-09,Center-West,9,10.43
2018-06-10,Center-West,13,10.57
2018-06-11,Center-West,14,11.71
2018-06-12,Center-West,8,12.29
2018-06-13,Center-West,19,12.57
2018-06-14,Center-West,18,13.71
2018-06-15,Center-West,7,12.57
2018-06-16,Center-West,15,13.43
2018-06-17,Center-West,7,12.57
2018-06-18,Center-West,13,12.43
2018-06-19,Center-West,15,13.43
2018-06-20,Center-West,12,12.43
2018-06-21,Center-West,14,11.86
2018-06-22,Center-West,16,13.14
2018-06-23,Center-West,8,12.14
2018-06-24,Center-West,15,13.29
2018-06-25,Center-West,20,14.29
2018-06-26,Center-West,17,14.57
2018-06-27,Center-West,19,15.57
2018-06-28,Center-West,14,15.57
2018-06-29,Center-West,7,14.29
2018-06-30,Center-West,3,13.57
2018-07-01,Center-West,6,12.29
2018-07-02,Center-West,12,11.14
2018-07-03,Center-West,11,10.29
2018-07-04,Center-West,15,9.71
2018-07-05,Center-West,12,9.43
2018-07-06,Center-West,4,9.00
2018-07-07,Center-West,1,8.71
2018-07-08,Center-West,5,8.57
2018-07-09,Center-West,6,7.71
2018-07-10,Center-West,9,7.43
2018-07-11,Center-West,10,6.71
2018-07-12,Center-West,5,5.71
2018-07-13,Center-West,16,7.43
2018-07-14,Center-West,16,9.57
2018-07-15,Center-West,10,10.29
2018-07-16,Center-West,15,11.57
2018-07-17,Center-West,17,12.71
2018-07-18,Center-West,20,14.14
2018-07-19,Center-West,7,14.43
2018-07-20,Center-West,19,14.86
2018-07-21,Center-West,7,13.57
2018-07-22,Center-West,16,14.43
2018-07-23,Center-West,19,15.00
2018-07-24,Center-West,16,14.86
2018-07-25,Center-West,18,14.57
2018-07-26,Center-West,18,16.14
2018-07-27,Center-West,19,16.14
2018-07-28,Center-West,6,16.00
2018-07-29,Center-West,10,15.14
2018-07-30,Center-West,16,14.71
2018-07-31,Center-West,15,14.57
2018-08-01,Center-West,19,14.71
2018-08-02,Center-West,15,14.29
2018-08-03,Center-West,25,15.14
2018-08-04,Center-West,13,16.14
2018-08-05,Center-West,11,16.29
2018-08-06,Center-West,19,16.71
2018-08-07,Center-West,19,17.29
2018-08-08,Center-West,19,17.29
2018-08-09,Center-West,14,17.14
2018-08-10,Center-West,18,16.14
2018-08-11,Center-West,13,16.14
2018-08-12,Center-West,15,16.71
2018-08-13,Center-West,8,15.14
2018-08-14,Center-West,17,14.86
2018-08-15,Center-West,16,14.43
2018-08-16,Center-West,14,14.43
2018-08-17,Center-West,22,15.00
2018-08-18,Center-West,11,14.71
2018-08-19,Center-West,13,14.43
2018-08-20,Center-West,8,14.43
2018-08-21,Center-West,11,13.57
2018-08-22,Center-West,9,12.57
2018-08-23,Center-West,4,11.14
2018-08-24,Center-West,2,8.29
2018-08-25,Center-West,0,6.71
2018-08-26,Center-West,1,5.00
2018-08-27,Center-West,0,3.86
2018-08-28,Center-West,0,2.29
2018-08-29,Center-West,0,1.00
2018-08-30,Center-West,0,0.43
2018-08-31,Center-West,0,0.14
2017-01-01,North,0,0.00
2017-01-02,North,0,0.00
2017-01-03,North,0,0.00
2017-01-04,North,0,0.00
2017-01-05,North,0,0.00
2017-01-06,North,0,0.00
2017-01-07,North,0,0.00
2017-01-08,North,0,0.00
2017-01-09,North,0,0.00
2017-01-10,North,0,0.00
2017-01-11,North,0,0.00
2017-01-12,North,1,0.14
2017-01-13,North,0,0.14
2017-01-14,North,1,0.29
2017-01-15,North,0,0.29
2017-01-16,North,0,0.29
2017-01-17,North,1,0.43
2017-01-18,North,0,0.43
2017-01-19,North,1,0.43
2017-01-20,North,0,0.43
2017-01-21,North,3,0.71
2017-01-22,North,0,0.71
2017-01-23,North,2,1.00
2017-01-24,North,2,1.14
2017-01-25,North,2,1.43
2017-01-26,North,1,1.43
2017-01-27,North,3,1.86
2017-01-28,North,0,1.43
2017-01-29,North,0,1.43
2017-01-30,North,2,1.43
2017-01-31,North,0,1.14
2017-02-01,North,1,1.00
2017-02-02,North,3,1.29
2017-02-03,North,3,1.29
2017-02-04,North,3,1.71
2017-02-05,North,2,2.00
2017-02-06,North,4,2.29
2017-02-07,North,2,2.57
2017-02-08,North,3,2.86
2017-02-09,North,1,2.57
2017-02-10,North,3,2.57
2017-02-11,North,0,2.14
2017-02-12,North,2,2.14
2017-02-13,North,6,2.43
2017-02-14,North,1,2.29
2017-02-15,North,1,2.00
2017-02-16,North,0,1.86
2017-02-17,North,4,2.00
2017-02-18,North,4,2.57
2017-02-19,North,0,2.29
2017-02-20,North,1,1.57
2017-02-21,North,1,1.57
2017-02-22,North,1,1.57
2017-02-23,North,0,1.57
2017-02-24,North,2,1.29
2017-02-25,North,1,0.86
2017-02-26,North,1,1.00
2017-02-27,North,2,1.14
2017-02-28,North,5,1.71
2017-03-01,North,1,1.71
2017-03-02,North,2,2.00
2017-03-03,North,2,2.00
2017-03-04,North,2,2.14
2017-03-05,North,2,2.29
2017-03-06,North,3,2.43
2017-03-07,North,2,2.00
2017-03-08,North,2,2.14
2017-03-09,North,2,2.14
2017-03-10,North,2,2.14
2017-03-11,North,0,1.86
2017-03-12,North,3,2.00
2017-03-13,North,2,1.86
2017-03-14,North,1,1.71
2017-03-15,North,2,1.71
2017-03-16,North,2,1.71
2017-03-17,North,1,1.57
2017-03-18,North,3,2.00
2017-03-19,North,2,1.86
2017-03-20,North,3,2.00
2017-03-21,North,1,2.00
2017-03-22,North,2,2.00
2017-03-23,North,2,2.00
2017-03-24,North,4,2.43
2017-03-25,North,4,2.57
2017-03-26,North,1,2.43
2017-03-27,North,8,3.14
2017-03-28,North,3,3.43
2017-03-29,North,2,3.43
2017-03-30,North,2,3.43
2017-03-31,North,3,3.29
2017-04-01,North,2,3.00
2017-04-02,North,3,3.29
2017-04-03,North,4,2.71
2017-04-04,North,0,2.29
2017-04-05,North,1,2.14
2017-04-06,North,1,2.00
2017-04-07,North,4,2.14
2017-04-08,North,1,2.00
2017-04-09,North,5,2.29
2017-04-10,North,3,2.14
2017-04-11,North,2,2.43
2017-04-12,North,2,2.57
2017-04-13,North,1,2.57
2017-04-14,North,1,2.14
2017-04-15,North,1,2.14
2017-04-16,North,3,1.86
2017-04-17,North,2,1.71
2017-04-18,North,4,2.00
2017-04-19,North,0,1.71
2017-04-20,North,5,2.29
2017-04-21,North,1,2.29
2017-04-22,North,3,2.57
2017-04-23,North,7,3.14
2017-04-24,North,3,3.29
2017-04-25,North,6,3.57
2017-04-26,North,3,4.00
2017-04-27,North,1,3.43
2017-04-28,North,3,3.71
2017-04-29,North,2,3.57
2017-04-30,North,4,3.14
2017-05-01,North,2,3.00
2017-05-02,North,4,2.71
2017-05-03,North,6,3.14
2017-05-04,North,2,3.29
2017-05-05,North,2,3.14
2017-05-06,North,1,3.00
2017-05-07,North,1,2.57
2017-05-08,North,3,2.71
2017-05-09,North,2,2.43
2017-05-10,North,2,1.86
2017-05-11,North,2,1.86
2017-05-12,North,5,2.29
2017-05-13,North,2,2.43
2017-05-14,North,4,2.86
2017-05-15,North,2,2.71
2017-05-16,North,4,3.00
2017-05-17,North,1,2.86
2017-05-18,North,5,3.29
2017-05-19,North,2,2.86
2017-05-20,North,4,3.14
2017-05-21,North,3,3.00
2017-05-22,North,1,2.86
2017-05-23,North,4,2.86
2017-05-24,North,5,3.43
2017-05-25,North,4,3.29
2017-05-26,North,0,3.00
2017-05-27,North,3,2.86
2017-05-28,North,0,2.43
2017-05-29,North,3,2.71
2017-05-30,North,2,2.43
2017-05-31,North,4,2.29
2017-06-01,North,3,2.14
2017-06-02,North,5,2.86
2017-06-03,North,2,2.71
2017-06-04,North,0,2.71
2017-06-05,North,2,2.57
2017-06-06,North,2,2.57
2017-06-07,North,6,2.86
2017-06-08,North,3,2.86
2017-06-09,North,2,2.43
2017-06-10,North,2,2.43
2017-06-11,North,3,2.86
2017-06-12,North,2,2.86
2017-06-13,North,4,3.14
2017-06-14,North,3,2.71
2017-06-15,North,1,2.43
2017-06-16,North,2,2.43
2017-06-17,North,0,2.14
2017-06-18,North,1,1.86
2017-06-19,North,3,2.00
2017-06-20,North,2,1.71
2017-06-21,North,1,1.43
2017-06-22,North,1,1.43
2017-06-23,North,1,1.29
2017-06-24,North,0,1.29
2017-06-25,North,3,1.57
2017-06-26,North,2,1.43
2017-06-27,North,3,1.57
2017-06-28,North,4,2.00
2017-06-29,North,3,2.29
2017-06-30,North,0,2.14
2017-07-01,North,1,2.29
2017-07-02,North,1,2.00
2017-07-03,North,1,1.86
2017-07-04,North,3,1.86
2017-07-05,North,1,1.43
2017-07-06,North,5,1.71
2017-07-07,North,2,2.00
2017-07-08,North,1,2.00
2017-07-09,North,2,2.14
2017-07-10,North,5,2.71
2017-07-11,North,1,2.43
2017-07-12,North,2,2.57
2017-07-13,North,6,2.71
2017-07-14,North,4,3.00
2017-07-15,North,0,2.86
2017-07-16,North,1,2.71
2017-07-17,North,4,2.57
2017-07-18,North,0,2.43
2017-07-19,North,4,2.71
2017-07-20,North,1,2.00
2017-07-21,North,2,1.71
2017-07-22,North,2,2.00
2017-07-23,North,1,2.00
2017-07-24,North,1,1.57
2017-07-25,North,0,1.57
2017-07-26,North,3,1.43
2017-07-27,North,2,1.57
2017-07-28,North,1,1.43
2017-07-29,North,2,1.43
2017-07-30,North,1,1.43
2017-07-31,North,2,1.57
2017-08-01,North,3,2.00
2017-08-02,North,3,2.00
2017-08-03,North,3,2.14
2017-08-04,North,8,3.14
2017-08-05,North,3,3.29
2017-08-06,North,0,3.14
2017-08-07,North,2,3.14
2017-08-08,North,4,3.29
2017-08-09,North,2,3.14
2017-08-10,North,0,2.71
2017-08-11,North,2,1.86
2017-08-12,North,4,2.00
2017-08-13,North,1,2.14
2017-08-14,North,2,2.14
2017-08-15,North,4,2.14
2017-08-16,North,5,2.57
2017-08-17,North,3,3.00
2017-08-18,North,5,3.43
2017-08-19,North,0,2.86
2017-08-20,North,2,3.00
2017-08-21,North,8,3.86
2017-08-22,North,5,4.00
2017-08-23,North,2,3.57
2017-08-24,North,4,3.71
2017-08-25,North,2,3.29
2017-08-26,North,1,3.43
2017-08-27,North,3,3.57
2017-08-28,North,5,3.14
2017-08-29,North,2,2.71
2017-08-30,North,8,3.57
2017-08-31,North,3,3.43
2017-09-01,North,1,3.29
2017-09-02,North,3,3.57
2017-09-03,North,1,3.29
2017-09-04,North,1,2.71
2017-09-05,North,3,2.86
2017-09-06,North,3,2.14
2017-09-07,North,1,1.86
2017-09-08,North,0,1.71
2017-09-09,North,3,1.71
2017-09-10,North,2,1.86
2017-09-11,North,6,2.57
2017-09-12,North,7,3.14
2017-09-13,North,0,2.71
2017-09-14,North,4,3.14
2017-09-15,North,2,3.43
2017-09-16,North,3,3.43
2017-09-17,North,2,3.43
2017-09-18,North,6,3.43
2017-09-19,North,3,2.86
2017-09-20,North,5,3.57
2017-09-21,North,4,3.57
2017-09-22,North,1,3.43
2017-09-23,North,2,3.29
2017-09-24,North,5,3.71
2017-09-25,North,3,3.29
2017-09-26,North,6,3.71
2017-09-27,North,6,3.86
2017-09-28,North,2,3.57
2017-09-29,North,1,3.57
2017-09-30,North,4,3.86
2017-10-01,North,2,3.43
2017-10-02,North,3,3.43
2017-10-03,North,3,3.00
2017-10-04,North,5,2.86
2017-10-05,North,5,3.29
2017-10-06,North,2,3.43
2017-10-07,North,0,2.86
2017-10-08,North,0,2.57
2017-10-09,North,4,2.71
2017-10-10,North,1,2.43
2017-10-11,North,2,2.00
2017-10-12,North,5,2.00
2017-10-13,North,5,2.43
2017-10-14,North,3,2.86
2017-10-15,North,0,2.86
2017-10-16,North,6,3.14
2017-10-17,North,8,4.14
2017-10-18,North,3,4.29
2017-10-19,North,4,4.14
2017-10-20,North,3,3.86
2017-10-21,North,2,3.71
2017-10-22,North,1,3.86
2017-10-23,North,6,3.86
2017-10-24,North,3,3.14
2017-10-25,North,2,3.00
2017-10-26,North,3,2.86
2017-10-27,North,2,2.71
2017-10-28,North,5,3.14
2017-10-29,North,2,3.29
2017-10-30,North,4,3.00
2017-10-31,North,1,2.71
2017-11-01,North,4,3.00
2017-11-02,North,2,2.86
2017-11-03,North,4,3.14
2017-11-04,North,5,3.14
2017-11-05,North,4,3.43
2017-11-06,North,5,3.57
2017-11-07,North,4,4.00
2017-11-08,North,0,3.43
2017-11-09,North,3,3.57
2017-11-10,North,0,3.00
2017-11-11,North,3,2.71
2017-11-12,North,4,2.71
2017-11-13,North,3,2.43
2017-11-14,North,2,2.14
2017-11-15,North,6,3.00
2017-11-16,North,2,2.86
2017-11-17,North,1,3.00
2017-11-18,North,5,3.29
2017-11-19,North,2,3.00
2017-11-20,North,7,3.57
2017-11-21,North,7,4.29
2017-11-22,North,3,3.86
2017-11-23,North,8,4.71
2017-11-24,North,10,6.00
2017-11-25,North,7,6.29
2017-11-26,North,3,6.43
2017-11-27,North,8,6.57
2017-11-28,North,4,6.14
2017-11-29,North,6,6.57
2017-11-30,North,3,5.86
2017-12-01,North,3,4.86
2017-12-02,North,4,4.43
2017-12-03,North,3,4.43
2017-12-04,North,6,4.14
2017-12-05,North,3,4.00
2017-12-06,North,6,4.00
2017-12-07,North,4,4.14
2017-12-08,North,1,3.86
2017-12-09,North,6,4.14
2017-12-10,North,4,4.29
2017-12-11,North,6,4.29
2017-12-12,North,4,4.43
2017-12-13,North,3,4.00
2017-12-14,North,3,3.86
2017-12-15,North,7,4.71
2017-12-16,North,0,3.86
2017-12-17,North,2,3.57
2017-12-18,North,2,3.00
2017-12-19,North,2,2.71
2017-12-20,North,4,2.86
2017-12-21,North,1,2.57
2017-12-22,North,4,2.14
2017-12-23,North,5,2.86
2017-12-24,North,0,2.57
2017-12-25,North,4,2.86
2017-12-26,North,1,2.71
2017-12-27,North,1,2.29
2017-12-28,North,5,2.86
2017-12-29,North,4,2.86
2017-12-30,North,0,2.14
2017-12-31,North,0,2.14
2018-01-01,North,2,1.86
2018-01-02,North,8,2.86
2018-01-03,North,4,3.29
2018-01-04,North,4,3.14
2018-01-05,North,5,3.29
2018-01-06,North,3,3.71
2018-01-07,North,2,4.00
2018-01-08,North,8,4.86
2018-01-09,North,7,4.71
2018-01-10,North,4,4.71
2018-01-11,North,9,5.43
2018-01-12,North,5,5.43
2018-01-13,North,3,5.43
2018-01-14,North,3,5.57
2018-01-15,North,3,4.86
2018-01-16,North,4,4.43
2018-01-17,North,4,4.43
2018-01-18,North,5,3.86
2018-01-19,North,2,3.43
2018-01-20,North,7,4.00
2018-01-21,North,7,4.57
2018-01-22,North,4,4.71
2018-01-23,North,1,4.29
2018-01-24,North,4,4.29
2018-01-25,North,3,4.00
2018-01-26,North,1,3.86
2018-01-27,North,2,3.14
2018-01-28,North,5,2.86
2018-01-29,North,7,3.29
2018-01-30,North,5,3.86
2018-01-31,North,5,4.00
2018-02-01,North,2,3.86
2018-02-02,North,6,4.57
2018-02-03,North,5,5.00
2018-02-04,North,4,4.86
2018-02-05,North,4,4.43
2018-02-06,North,0,3.71
2018-02-07,North,4,3.57
2018-02-08,North,5,4.00
2018-02-09,North,3,3.57
2018-02-10,North,3,3.29
2018-02-11,North,2,3.00
2018-02-12,North,3,2.86
2018-02-13,North,2,3.14
2018-02-14,North,2,2.86
2018-02-15,North,3,2.57
2018-02-16,North,5,2.86
2018-02-17,North,4,3.00
2018-02-18,North,5,3.43
2018-02-19,North,3,3.43
2018-02-20,North,6,4.00
2018-02-21,North,3,4.14
2018-02-22,North,3,4.14
2018-02-23,North,3,3.86
2018-02-24,North,3,3.71
2018-02-25,North,9,4.29
2018-02-26,North,8,5.00
2018-02-27,North,7,5.14
2018-02-28,North,2,5.00
2018-03-01,North,10,6.00
2018-03-02,North,7,6.57
2018-03-03,North,4,6.71
2018-03-04,North,8,6.57
2018-03-05,North,4,6.00
2018-03-06,North,5,5.71
2018-03-07,North,7,6.43
2018-03-08,North,2,5.29
2018-03-09,North,6,5.14
2018-03-10,North,3,5.00
2018-03-11,North,7,4.86
2018-03-12,North,5,5.00
2018-03-13,North,6,5.14
2018-03-14,North,3,4.57
2018-03-15,North,4,4.86
2018-03-16,North,2,4.29
2018-03-17,North,5,4.57
2018-03-18,North,3,4.00
2018-03-19,North,5,4.00
2018-03-20,North,2,3.43
2018-03-21,North,4,3.57
2018-03-22,North,3,3.43
2018-03-23,North,1,3.29
2018-03-24,North,3,3.00
2018-03-25,North,4,3.14
2018-03-26,North,5,3.14
2018-03-27,North,4,3.43
2018-03-28,North,2,3.14
2018-03-29,North,1,2.86
2018-03-30,North,1,2.86
2018-03-31,North,2,2.71
2018-04-01,North,4,2.71
2018-04-02,North,5,2.71
2018-04-03,North,5,2.86
2018-04-04,North,3,3.00
2018-04-05,North,4,3.43
2018-04-06,North,6,4.14
2018-04-07,North,5,4.57
2018-04-08,North,3,4.43
2018-04-09,North,4,4.29
2018-04-10,North,7,4.57
2018-04-11,North,5,4.86
2018-04-12,North,3,4.71
2018-04-13,North,3,4.29
2018-04-14,North,4,4.14
2018-04-15,North,3,4.14
2018-04-16,North,5,4.29
2018-04-17,North,6,4.14
2018-04-18,North,3,3.86
2018-04-19,North,6,4.29
2018-04-20,North,2,4.14
2018-04-21,North,1,3.71
2018-04-22,North,1,3.43
2018-04-23,North,3,3.14
2018-04-24,North,7,3.29
2018-04-25,North,5,3.57
2018-04-26,North,3,3.14
2018-04-27,North,4,3.43
2018-04-28,North,5,4.00
2018-04-29,North,1,4.00
2018-04-30,North,2,3.86
2018-05-01,North,2,3.14
2018-05-02,North,3,2.86
2018-05-03,North,5,3.14
2018-05-04,North,8,3.71
2018-05-05,North,5,3.71
2018-05-06,North,1,3.71
2018-05-07,North,5,4.14
2018-05-08,North,7,4.86
2018-05-09,North,5,5.14
2018-05-10,North,3,4.86
2018-05-11,North,3,4.14
2018-05-12,North,2,3.71
2018-05-13,North,5,4.29
2018-05-14,North,7,4.57
2018-05-15,North,2,3.86
2018-05-16,North,6,4.00
2018-05-17,North,2,3.86
2018-05-18,North,1,3.57
2018-05-19,North,1,3.43
2018-05-20,North,1,2.86
2018-05-21,North,0,1.86
2018-05-22,North,2,1.86
2018-05-23,North,0,1.00
2018-05-24,North,0,0.71
2018-05-25,North,1,0.71
2018-05-26,North,2,0.86
2018-05-27,North,1,0.86
2018-05-28,North,1,1.00
2018-05-29,North,5,1.43
2018-05-30,North,5,2.14
2018-05-31,North,0,2.14
2018-06-01,North,2,2.29
2018-06-02,North,3,2.43
2018-06-03,North,3,2.71
2018-06-04,North,2,2.86
2018-06-05,North,5,2.86
2018-06-06,North,5,2.86
2018-06-07,North,8,4.00
2018-06-08,North,2,4.00
2018-06-09,North,5,4.29
2018-06-10,North,4,4.43
2018-06-11,North,4,4.71
2018-06-12,North,6,4.86
2018-06-13,North,3,4.57
2018-06-14,North,6,4.29
2018-06-15,North,4,4.57
2018-06-16,North,4,4.43
2018-06-17,North,1,4.00
2018-06-18,North,2,3.71
2018-06-19,North,2,3.14
2018-06-20,North,5,3.43
2018-06-21,North,0,2.57
2018-06-22,North,3,2.43
2018-06-23,North,1,2.00
2018-06-24,North,4,2.43
2018-06-25,North,1,2.29
2018-06-26,North,5,2.71
2018-06-27,North,3,2.43
2018-06-28,North,2,2.71
2018-06-29,North,3,2.71
2018-06-30,North,2,2.86
2018-07-01,North,4,2.86
2018-07-02,North,0,2.71
2018-07-03,North,1,2.14
2018-07-04,North,4,2.29
2018-07-05,North,5,2.71
2018-07-06,North,3,2.71
2018-07-07,North,1,2.57
2018-07-08,North,3,2.43
2018-07-09,North,2,2.71
2018-07-10,North,3,3.00
2018-07-11,North,8,3.57
2018-07-12,North,3,3.29
2018-07-13,North,6,3.71
2018-07-14,North,2,3.86
2018-07-15,North,3,3.86
2018-07-16,North,12,5.29
2018-07-17,North,2,5.14
2018-07-18,North,5,4.71
2018-07-19,North,3,4.71
2018-07-20,North,6,4.71
2018-07-21,North,5,5.14
2018-07-22,North,1,4.86
2018-07-23,North,7,4.14
2018-07-24,North,6,4.71
2018-07-25,North,5,4.71
2018-07-26,North,6,5.14
2018-07-27,North,5,5.00
2018-07-28,North,6,5.14
2018-07-29,North,2,5.29
2018-07-30,North,1,4.43
2018-07-31,North,8,4.71
2018-08-01,North,12,5.71
2018-08-02,North,5,5.57
2018-08-03,North,9,6.14
2018-08-04,North,1,5.43
2018-08-05,North,6,6.00
2018-08-06,North,4,6.43
2018-08-07,North,5,6.00
2018-08-08,North,5,5.00
2018-08-09,North,4,4.86
2018-08-10,North,4,4.14
2018-08-11,North,2,4.29
2018-08-12,North,1,3.57
2018-08-13,North,3,3.43
2018-08-14,North,6,3.57
2018-08-15,North,0,2.86
2018-08-16,North,3,2.71
2018-08-17,North,1,2.29
2018-08-18,North,1,2.14
2018-08-19,North,0,2.00
2018-08-20,North,0,1.57
2018-08-21,North,1,0.86
2018-08-22,North,0,0.86
2018-08-23,North,0,0.43
2018-08-24,North,0,0.29
2018-08-25,North,0,0.14
2018-08-26,North,0,0.14
2018-08-27,North,0,0.14
2018-08-28,North,0,0.00
2018-08-29,North,0,0.00
2018-08-30,North,0,0.00
2018-08-31,North,0,0.00
2017-01-01,Northeast,0,0.00
2017-01-02,Northeast,0,0.00
2017-01-03,Northeast,0,0.00
2017-01-04,Northeast,0,0.00
2017-01-05,Northeast,1,0.20
2017-01-06,Northeast,1,0.33
2017-01-07,Northeast,0,0.29
2017-01-08,Northeast,0,0.29
2017-01-09,Northeast,0,0.29
2017-01-10,Northeast,1,0.43
2017-01-11,Northeast,0,0.43
2017-01-12,Northeast,1,0.43
2017-01-13,Northeast,1,0.43
2017-01-14,Northeast,0,0.43
2017-01-15,Northeast,1,0.57
2017-01-16,Northeast,2,0.86
2017-01-17,Northeast,3,1.14
2017-01-18,Northeast,4,1.71
2017-01-19,Northeast,2,1.86
2017-01-20,Northeast,1,1.86
2017-01-21,Northeast,3,2.29
2017-01-22,Northeast,1,2.29
2017-01-23,Northeast,1,2.14
2017-01-24,Northeast,6,2.57
2017-01-25,Northeast,8,3.14
2017-01-26,Northeast,5,3.57
2017-01-27,Northeast,4,4.00
2017-01-28,Northeast,6,4.43
2017-01-29,Northeast,3,4.71
2017-01-30,Northeast,3,5.00
2017-01-31,Northeast,12,5.86
2017-02-01,Northeast,7,5.71
2017-02-02,Northeast,9,6.29
2017-02-03,Northeast,7,6.71
2017-02-04,Northeast,6,6.71
2017-02-05,Northeast,8,7.43
2017-02-06,Northeast,2,7.29
2017-02-07,Northeast,6,6.43
2017-02-08,Northeast,9,6.71
2017-02-09,Northeast,3,5.86
2017-02-10,Northeast,3,5.29
2017-02-11,Northeast,8,5.57
2017-02-12,Northeast,4,5.00
2017-02-13,Northeast,5,5.43
2017-02-14,Northeast,10,6.00
2017-02-15,Northeast,3,5.14
2017-02-16,Northeast,6,5.57
2017-02-17,Northeast,8,6.29
2017-02-18,Northeast,5,5.86
2017-02-19,Northeast,3,5.71
2017-02-20,Northeast,5,5.71
2017-02-21,Northeast,4,4.86
2017-02-22,Northeast,7,5.43
2017-02-23,Northeast,6,5.43
2017-02-24,Northeast,8,5.43
2017-02-25,Northeast,6,5.57
2017-02-26,Northeast,2,5.43
2017-02-27,Northeast,5,5.43
2017-02-28,Northeast,3,5.29
2017-03-01,Northeast,9,5.57
2017-03-02,Northeast,7,5.71
2017-03-03,Northeast,8,5.71
2017-03-04,Northeast,9,6.14
2017-03-05,Northeast,9,7.14
2017-03-06,Northeast,9,7.71
2017-03-07,Northeast,9,8.57
2017-03-08,Northeast,11,8.86
2017-03-09,Northeast,7,8.86
2017-03-10,Northeast,10,9.14
2017-03-11,Northeast,7,8.86
2017-03-12,Northeast,5,8.29
2017-03-13,Northeast,10,8.43
2017-03-14,Northeast,14,9.14
2017-03-15,Northeast,10,9.00
2017-03-16,Northeast,13,9.86
2017-03-17,Northeast,7,9.43
2017-03-18,Northeast,3,8.86
2017-03-19,Northeast,3,8.57
2017-03-20,Northeast,13,9.00
2017-03-21,Northeast,5,7.71
2017-03-22,Northeast,7,7.29
2017-03-23,Northeast,7,6.43
2017-03-24,Northeast,3,5.86
2017-03-25,Northeast,9,6.71
2017-03-26,Northeast,8,7.43
2017-03-27,Northeast,9,6.86
2017-03-28,Northeast,8,7.29
2017-03-29,Northeast,6,7.14
2017-03-30,Northeast,7,7.14
2017-03-31,Northeast,11,8.29
2017-04-01,Northeast,5,7.71
2017-04-02,Northeast,5,7.29
2017-04-03,Northeast,5,6.71
2017-04-04,Northeast,11,7.14
2017-04-05,Northeast,3,6.71
2017-04-06,Northeast,14,7.71
2017-04-07,Northeast,10,7.57
2017-04-08,Northeast,10,8.29
2017-04-09,Northeast,12,9.29
2017-04-10,Northeast,7,9.57
2017-04-11,Northeast,10,9.43
2017-04-12,Northeast,6,9.86
2017-04-13,Northeast,14,9.86
2017-04-14,Northeast,7,9.43
2017-04-15,Northeast,9,9.29
2017-04-16,Northeast,13,9.43
2017-04-17,Northeast,9,9.71
2017-04-18,Northeast,9,9.57
2017-04-19,Northeast,6,9.57
2017-04-20,Northeast,8,8.71
2017-04-21,Northeast,11,9.29
2017-04-22,Northeast,11,9.57
2017-04-23,Northeast,6,8.57
2017-04-24,Northeast,12,9.00
2017-04-25,Northeast,7,8.71
2017-04-26,Northeast,12,9.57
2017-04-27,Northeast,10,9.86
2017-04-28,Northeast,14,10.29
2017-04-29,Northeast,12,10.43
2017-04-30,Northeast,10,11.00
2017-05-01,Northeast,13,11.14
2017-05-02,Northeast,16,12.43
2017-05-03,Northeast,15,12.86
2017-05-04,Northeast,17,13.86
2017-05-05,Northeast,10,13.29
2017-05-06,Northeast,7,12.57
2017-05-07,Northeast,15,13.29
2017-05-08,Northeast,17,13.86
2017-05-09,Northeast,21,14.57
2017-05-10,Northeast,9,13.71
2017-05-11,Northeast,9,12.57
2017-05-12,Northeast,9,12.43
2017-05-13,Northeast,9,12.71
2017-05-14,Northeast,18,13.14
2017-05-15,Northeast,22,13.86
2017-05-16,Northeast,17,13.29
2017-05-17,Northeast,16,14.29
2017-05-18,Northeast,5,13.71
2017-05-19,Northeast,7,13.43
2017-05-20,Northeast,5,12.86
2017-05-21,Northeast,11,11.86
2017-05-22,Northeast,18,11.29
2017-05-23,Northeast,10,10.29
2017-05-24,Northeast,18,10.57
2017-05-25,Northeast,7,10.86
2017-05-26,Northeast,9,11.14
2017-05-27,Northeast,9,11.71
2017-05-28,Northeast,13,12.00
2017-05-29,Northeast,9,10.71
2017-05-30,Northeast,16,11.57
2017-05-31,Northeast,6,9.86
2017-06-01,Northeast,13,10.71
2017-06-02,Northeast,13,11.29
2017-06-03,Northeast,13,11.86
2017-06-04,Northeast,4,10.57
2017-06-05,Northeast,10,10.71
2017-06-06,Northeast,9,9.71
2017-06-07,Northeast,14,10.86
2017-06-08,Northeast,13,10.86
2017-06-09,Northeast,11,10.57
2017-06-10,Northeast,8,9.86
2017-06-11,Northeast,6,10.14
2017-06-12,Northeast,7,9.71
2017-06-13,Northeast,11,10.00
2017-06-14,Northeast,16,10.29
2017-06-15,Northeast,15,10.57
2017-06-16,Northeast,9,10.29
2017-06-17,Northeast,6,10.00
2017-06-18,Northeast,8,10.29
2017-06-19,Northeast,13,11.14
2017-06-20,Northeast,6,10.43
2017-06-21,Northeast,0,8.14
2017-06-22,Northeast,6,6.86
2017-06-23,Northeast,9,6.86
2017-06-24,Northeast,2,6.29
2017-06-25,Northeast,9,6.43
2017-06-26,Northeast,7,5.57
2017-06-27,Northeast,12,6.43
2017-06-28,Northeast,13,8.29
2017-06-29,Northeast,4,8.00
2017-06-30,Northeast,13,8.57
2017-07-01,Northeast,9,9.57
2017-07-02,Northeast,9,9.57
2017-07-03,Northeast,10,10.00
2017-07-04,Northeast,8,9.43
2017-07-05,Northeast,14,9.57
2017-07-06,Northeast,23,12.29
2017-07-07,Northeast,10,11.86
2017-07-08,Northeast,5,11.29
2017-07-09,Northeast,12,11.71
2017-07-10,Northeast,12,12.00
2017-07-11,Northeast,12,12.57
2017-07-12,Northeast,19,13.29
2017-07-13,Northeast,21,13.00
2017-07-14,Northeast,17,14.00
2017-07-15,Northeast,12,15.00
2017-07-16,Northeast,16,15.57
2017-07-17,Northeast,15,16.00
2017-07-18,Northeast,13,16.14
2017-07-19,Northeast,15,15.57
2017-07-20,Northeast,21,15.57
2017-07-21,Northeast,17,15.57
2017-07-22,Northeast,12,15.57
2017-07-23,Northeast,11,14.86
2017-07-24,Northeast,17,15.14
2017-07-25,Northeast,15,15.43
2017-07-26,Northeast,7,14.29
2017-07-27,Northeast,16,13.57
2017-07-28,Northeast,12,12.86
2017-07-29,Northeast,13,13.00
2017-07-30,Northeast,14,13.43
2017-07-31,Northeast,11,12.57
2017-08-01,Northeast,22,13.57
2017-08-02,Northeast,7,13.57
2017-08-03,Northeast,10,12.71
2017-08-04,Northeast,18,13.57
2017-08-05,Northeast,18,14.29
2017-08-06,Northeast,15,14.43
2017-08-07,Northeast,21,15.86
2017-08-08,Northeast,5,13.43
2017-08-09,Northeast,8,13.57
2017-08-10,Northeast,15,14.29
2017-08-11,Northeast,14,13.71
2017-08-12,Northeast,11,12.71
2017-08-13,Northeast,8,11.71
2017-08-14,Northeast,16,11.00
2017-08-15,Northeast,24,13.71
2017-08-16,Northeast,14,14.57
2017-08-17,Northeast,15,14.57
2017-08-18,Northeast,11,14.14
2017-08-19,Northeast,13,14.43
2017-08-20,Northeast,17,15.71
2017-08-21,Northeast,16,15.71
2017-08-22,Northeast,11,13.86
2017-08-23,Northeast,11,13.43
2017-08-24,Northeast,9,12.57
2017-08-25,Northeast,14,13.00
2017-08-26,Northeast,10,12.57
2017-08-27,Northeast,16,12.43
2017-08-28,Northeast,21,13.14
2017-08-29,Northeast,19,14.29
2017-08-30,Northeast,20,15.57
2017-08-31,Northeast,19,17.00
2017-09-01,Northeast,20,17.86
2017-09-02,Northeast,13,18.29
2017-09-03,Northeast,12,17.71
2017-09-04,Northeast,20,17.57
2017-09-05,Northeast,15,17.00
2017-09-06,Northeast,18,16.71
2017-09-07,Northeast,11,15.57
2017-09-08,Northeast,15,14.86
2017-09-09,Northeast,20,15.86
2017-09-10,Northeast,15,16.29
2017-09-11,Northeast,17,15.86
2017-09-12,Northeast,30,18.00
2017-09-13,Northeast,28,19.43
2017-09-14,Northeast,25,21.43
2017-09-15,Northeast,21,22.29
2017-09-16,Northeast,15,21.57
2017-09-17,Northeast,16,21.71
2017-09-18,Northeast,10,20.71
2017-09-19,Northeast,13,18.29
2017-09-20,Northeast,17,16.71
2017-09-21,Northeast,16,15.43
2017-09-22,Northeast,12,14.14
2017-09-23,Northeast,9,13.29
2017-09-24,Northeast,14,13.00
2017-09-25,Northeast,9,12.86
2017-09-26,Northeast,16,13.29
2017-09-27,Northeast,17,13.29
2017-09-28,Northeast,17,13.43
2017-09-29,Northeast,8,12.86
2017-09-30,Northeast,7,12.57
2017-10-01,Northeast,17,13.00
2017-10-02,Northeast,13,13.57
2017-10-03,Northeast,23,14.57
2017-10-04,Northeast,22,15.29
2017-10-05,Northeast,14,14.86
2017-10-06,Northeast,15,15.86
2017-10-07,Northeast,14,16.86
2017-10-08,Northeast,15,16.57
2017-10-09,Northeast,26,18.43
2017-10-10,Northeast,22,18.29
2017-10-11,Northeast,12,16.86
2017-10-12,Northeast,18,17.43
2017-10-13,Northeast,15,17.43
2017-10-14,Northeast,12,17.14
2017-10-15,Northeast,9,16.29
2017-10-16,Northeast,25,16.14
2017-10-17,Northeast,18,15.57
2017-10-18,Northeast,18,16.43
2017-10-19,Northeast,21,16.86
2017-10-20,Northeast,15,16.86
2017-10-21,Northeast,5,15.86
2017-10-22,Northeast,11,16.14
2017-10-23,Northeast,8,13.71
2017-10-24,Northeast,11,12.71
2017-10-25,Northeast,21,13.14
2017-10-26,Northeast,18,12.71
2017-10-27,Northeast,16,12.86
2017-10-28,Northeast,8,13.29
2017-10-29,Northeast,13,13.57
2017-10-30,Northeast,14,14.43
2017-10-31,Northeast,12,14.57
2017-11-01,Northeast,11,13.14
2017-11-02,Northeast,15,12.71
2017-11-03,Northeast,16,12.71
2017-11-04,Northeast,7,12.57
2017-11-05,Northeast,19,13.43
2017-11-06,Northeast,22,14.57
2017-11-07,Northeast,16,15.14
2017-11-08,Northeast,16,15.86
2017-11-09,Northeast,15,15.86
2017-11-10,Northeast,10,15.00
2017-11-11,Northeast,9,15.29
2017-11-12,Northeast,17,15.00
2017-11-13,Northeast,21,14.86
2017-11-14,Northeast,20,15.43
2017-11-15,Northeast,20,16.00
2017-11-16,Northeast,19,16.57
2017-11-17,Northeast,19,17.86
2017-11-18,Northeast,17,19.00
2017-11-19,Northeast,14,18.57
2017-11-20,Northeast,23,18.86
2017-11-21,Northeast,22,19.14
2017-11-22,Northeast,23,19.57
2017-11-23,Northeast,34,21.71
2017-11-24,Northeast,93,32.29
2017-11-25,Northeast,60,38.43
2017-11-26,Northeast,24,39.86
2017-11-27,Northeast,35,41.57
2017-11-28,Northeast,32,43.00
2017-11-29,Northeast,24,43.14
2017-11-30,Northeast,16,40.57
2017-12-01,Northeast,21,30.29
2017-12-02,Northeast,23,25.00
2017-12-03,Northeast,20,24.43
2017-12-04,Northeast,25,23.00
2017-12-05,Northeast,25,22.00
2017-12-06,Northeast,23,21.86
2017-12-07,Northeast,18,22.14
2017-12-08,Northeast,17,21.57
2017-12-09,Northeast,14,20.29
2017-12-10,Northeast,14,19.43
2017-12-11,Northeast,20,18.71
2017-12-12,Northeast,17,17.57
2017-12-13,Northeast,20,17.14
2017-12-14,Northeast,23,17.86
2017-12-15,Northeast,26,19.14
2017-12-16,Northeast,16,19.43
2017-12-17,Northeast,15,19.57
2017-12-18,Northeast,17,19.14
2017-12-19,Northeast,20,19.57
2017-12-20,Northeast,22,19.86
2017-12-21,Northeast,16,18.86
2017-12-22,Northeast,9,16.43
2017-12-23,Northeast,17,16.57
2017-12-24,Northeast,6,15.29
2017-12-25,Northeast,13,14.71
2017-12-26,Northeast,15,14.00
2017-12-27,Northeast,22,14.00
2017-12-28,Northeast,16,14.00
2017-12-29,Northeast,9,14.00
2017-12-30,Northeast,11,13.14
2017-12-31,Northeast,9,13.57
2018-01-01,Northeast,4,12.29
2018-01-02,Northeast,19,12.86
2018-01-03,Northeast,18,12.29
2018-01-04,Northeast,26,13.71
2018-01-05,Northeast,25,16.00
2018-01-06,Northeast,23,17.71
2018-01-07,Northeast,16,18.71
2018-01-08,Northeast,26,21.86
2018-01-09,Northeast,28,23.14
2018-01-10,Northeast,37,25.86
2018-01-11,Northeast,25,25.71
2018-01-12,Northeast,28,26.14
2018-01-13,Northeast,21,25.86
2018-01-14,Northeast,16,25.86
2018-01-15,Northeast,32,26.71
2018-01-16,Northeast,33,27.43
2018-01-17,Northeast,26,25.86
2018-01-18,Northeast,22,25.43
2018-01-19,Northeast,26,25.14
2018-01-20,Northeast,9,23.43
2018-01-21,Northeast,18,23.71
2018-01-22,Northeast,16,21.43
2018-01-23,Northeast,25,20.29
2018-01-24,Northeast,23,19.86
2018-01-25,Northeast,25,20.29
2018-01-26,Northeast,28,20.57
2018-01-27,Northeast,10,20.71
2018-01-28,Northeast,8,19.29
2018-01-29,Northeast,16,19.29
2018-01-30,Northeast,17,18.14
2018-01-31,Northeast,15,17.00
2018-02-01,Northeast,13,15.29
2018-02-02,Northeast,18,13.86
2018-02-03,Northeast,23,15.71
2018-02-04,Northeast,20,17.43
2018-02-05,Northeast,25,18.71
2018-02-06,Northeast,20,19.14
2018-02-07,Northeast,23,20.29
2018-02-08,Northeast,19,21.14
2018-02-09,Northeast,26,22.29
2018-02-10,Northeast,20,21.86
2018-02-11,Northeast,13,20.86
2018-02-12,Northeast,15,19.43
2018-02-13,Northeast,17,19.00
2018-02-14,Northeast,12,17.43
2018-02-15,Northeast,27,18.57
2018-02-16,Northeast,26,18.57
2018-02-17,Northeast,22,18.86
2018-02-18,Northeast,18,19.57
2018-02-19,Northeast,26,21.14
2018-02-20,Northeast,27,22.57
2018-02-21,Northeast,29,25.00
2018-02-22,Northeast,26,24.86
2018-02-23,Northeast,22,24.29
2018-02-24,Northeast,18,23.71
2018-02-25,Northeast,22,24.29
2018-02-26,Northeast,25,24.14
2018-02-27,Northeast,31,24.71
2018-02-28,Northeast,27,24.43
2018-03-01,Northeast,22,23.86
2018-03-02,Northeast,22,23.86
2018-03-03,Northeast,23,24.57
2018-03-04,Northeast,20,24.29
2018-03-05,Northeast,27,24.57
2018-03-06,Northeast,22,23.29
2018-03-07,Northeast,32,24.00
2018-03-08,Northeast,25,24.43
2018-03-09,Northeast,20,24.14
2018-03-10,Northeast,23,24.14
2018-03-11,Northeast,21,24.29
2018-03-12,Northeast,21,23.43
2018-03-13,Northeast,14,22.29
2018-03-14,Northeast,19,20.43
2018-03-15,Northeast,27,20.71
2018-03-16,Northeast,21,20.86
2018-03-17,Northeast,22,20.71
2018-03-18,Northeast,17,20.14
2018-03-19,Northeast,37,22.43
2018-03-20,Northeast,19,23.14
2018-03-21,Northeast,30,24.71
2018-03-22,Northeast,20,23.71
2018-03-23,Northeast,20,23.57
2018-03-24,Northeast,13,22.29
2018-03-25,Northeast,15,22.00
2018-03-26,Northeast,23,20.00
2018-03-27,Northeast,14,19.29
2018-03-28,Northeast,17,17.43
2018-03-29,Northeast,19,17.29
2018-03-30,Northeast,20,17.29
2018-03-31,Northeast,22,18.57
2018-04-01,Northeast,17,18.86
2018-04-02,Northeast,27,19.43
2018-04-03,Northeast,21,20.43
2018-04-04,Northeast,20,20.86
2018-04-05,Northeast,26,21.86
2018-04-06,Northeast,17,21.43
2018-04-07,Northeast,19,21.00
2018-04-08,Northeast,19,21.29
2018-04-09,Northeast,27,21.29
2018-04-10,Northeast,18,20.86
2018-04-11,Northeast,22,21.14
2018-04-12,Northeast,20,20.29
2018-04-13,Northeast,18,20.43
2018-04-14,Northeast,12,19.43
2018-04-15,Northeast,11,18.29
2018-04-16,Northeast,27,18.29
2018-04-17,Northeast,20,18.57
2018-04-18,Northeast,25,19.00
2018-04-19,Northeast,33,20.86
2018-04-20,Northeast,17,20.71
2018-04-21,Northeast,10,20.43
2018-04-22,Northeast,16,21.14
2018-04-23,Northeast,32,21.86
2018-04-24,Northeast,29,23.14
2018-04-25,Northeast,35,24.57
2018-04-26,Northeast,22,23.00
2018-04-27,Northeast,19,23.29
2018-04-28,Northeast,10,23.29
2018-04-29,Northeast,16,23.29
2018-04-30,Northeast,22,21.86
2018-05-01,Northeast,18,20.29
2018-05-02,Northeast,25,18.86
2018-05-03,Northeast,27,19.57
2018-05-04,Northeast,18,19.43
2018-05-05,Northeast,25,21.57
2018-05-06,Northeast,27,23.14
2018-05-07,Northeast,31,24.43
2018-05-08,Northeast,35,26.86
2018-05-09,Northeast,30,27.57
2018-05-10,Northeast,30,28.00
2018-05-11,Northeast,26,29.14
2018-05-12,Northeast,24,29.00
2018-05-13,Northeast,15,27.29
2018-05-14,Northeast,30,27.14
2018-05-15,Northeast,24,25.57
2018-05-16,Northeast,24,24.71
2018-05-17,Northeast,10,21.86
2018-05-18,Northeast,10,19.57
2018-05-19,Northeast,11,17.71
2018-05-20,Northeast,8,16.71
2018-05-21,Northeast,3,12.86
2018-05-22,Northeast,8,10.57
2018-05-23,Northeast,6,8.00
2018-05-24,Northeast,5,7.29
2018-05-25,Northeast,6,6.71
2018-05-26,Northeast,12,6.86
2018-05-27,Northeast,11,7.29
2018-05-28,Northeast,8,8.00
2018-05-29,Northeast,16,9.14
2018-05-30,Northeast,22,11.43
2018-05-31,Northeast,15,12.86
2018-06-01,Northeast,30,16.29
2018-06-02,Northeast,15,16.71
2018-06-03,Northeast,14,17.14
2018-06-04,Northeast,23,19.29
2018-06-05,Northeast,23,20.29
2018-06-06,Northeast,15,19.29
2018-06-07,Northeast,17,19.57
2018-06-08,Northeast,12,17.00
2018-06-09,Northeast,21,17.86
2018-06-10,Northeast,18,18.43
2018-06-11,Northeast,34,20.00
2018-06-12,Northeast,21,19.71
2018-06-13,Northeast,25,21.14
2018-06-14,Northeast,18,21.29
2018-06-15,Northeast,14,21.57
2018-06-16,Northeast,17,21.00
2018-06-17,Northeast,12,20.14
2018-06-18,Northeast,24,18.71
2018-06-19,Northeast,20,18.57
2018-06-20,Northeast,19,17.71
2018-06-21,Northeast,23,18.43
2018-06-22,Northeast,9,17.71
2018-06-23,Northeast,13,17.14
2018-06-24,Northeast,14,17.43
2018-06-25,Northeast,14,16.00
2018-06-26,Northeast,18,15.71
2018-06-27,Northeast,25,16.57
2018-06-28,Northeast,15,15.43
2018-06-29,Northeast,20,17.00
2018-06-30,Northeast,13,17.00
2018-07-01,Northeast,12,16.71
2018-07-02,Northeast,14,16.71
2018-07-03,Northeast,27,18.00
2018-07-04,Northeast,20,17.29
2018-07-05,Northeast,13,17.00
2018-07-06,Northeast,9,15.43
2018-07-07,Northeast,12,15.29
2018-07-08,Northeast,18,16.14
2018-07-09,Northeast,27,18.00
2018-07-10,Northeast,17,16.57
2018-07-11,Northeast,20,16.57
2018-07-12,Northeast,22,17.86
2018-07-13,Northeast,29,20.71
2018-07-14,Northeast,25,22.57
2018-07-15,Northeast,18,22.57
2018-07-16,Northeast,26,22.43
2018-07-17,Northeast,17,22.43
2018-07-18,Northeast,35,24.57
2018-07-19,Northeast,27,25.29
2018-07-20,Northeast,20,24.00
2018-07-21,Northeast,21,23.43
2018-07-22,Northeast,15,23.00
2018-07-23,Northeast,34,24.14
2018-07-24,Northeast,33,26.43
2018-07-25,Northeast,24,24.86
2018-07-26,Northeast,35,26.00
2018-07-27,Northeast,21,26.14
2018-07-28,Northeast,23,26.43
2018-07-29,Northeast,13,26.14
2018-07-30,Northeast,23,24.57
2018-07-31,Northeast,25,23.43
2018-08-01,Northeast,24,23.43
2018-08-02,Northeast,37,23.71
2018-08-03,Northeast,34,25.57
2018-08-04,Northeast,26,26.00
2018-08-05,Northeast,17,26.57
2018-08-06,Northeast,25,26.86
2018-08-07,Northeast,30,27.57
2018-08-08,Northeast,31,28.57
2018-08-09,Northeast,23,26.57
2018-08-10,Northeast,20,24.57
2018-08-11,Northeast,13,22.71
2018-08-12,Northeast,17,22.71
2018-08-13,Northeast,30,23.43
2018-08-14,Northeast,20,22.00
2018-08-15,Northeast,19,20.29
2018-08-16,Northeast,25,20.57
2018-08-17,Northeast,14,19.71
2018-08-18,Northeast,9,19.14
2018-08-19,Northeast,1,16.86
2018-08-20,Northeast,9,13.86
2018-08-21,Northeast,12,12.71
2018-08-22,Northeast,3,10.43
2018-08-23,Northeast,4,7.43
2018-08-24,Northeast,0,5.43
2018-08-25,Northeast,0,4.14
2018-08-26,Northeast,0,4.00
2018-08-27,Northeast,0,2.71
2018-08-28,Northeast,0,1.00
2018-08-29,Northeast,0,0.57
2018-08-30,Northeast,0,0.00
2018-08-31,Northeast,0,0.00
2017-01-01,South,0,0.00
2017-01-02,South,0,0.00
2017-01-03,South,0,0.00
2017-01-04,South,0,0.00
2017-01-05,South,29,5.80
2017-01-06,South,0,4.83
2017-01-07,South,1,4.29
2017-01-08,South,1,4.43
2017-01-09,South,1,4.57
2017-01-10,South,1,4.71
2017-01-11,South,4,5.29
2017-01-12,South,1,1.29
2017-01-13,South,1,1.43
2017-01-14,South,0,1.29
2017-01-15,South,4,1.71
2017-01-16,South,2,1.86
2017-01-17,South,3,2.14
2017-01-18,South,5,2.29
2017-01-19,South,2,2.43
2017-01-20,South,4,2.86
2017-01-21,South,2,3.14
2017-01-22,South,3,3.00
2017-01-23,South,6,3.57
2017-01-24,South,5,3.86
2017-01-25,South,9,4.43
2017-01-26,South,20,7.00
2017-01-27,South,8,7.57
2017-01-28,South,5,8.00
2017-01-29,South,9,8.86
2017-01-30,South,10,9.43
2017-01-31,South,12,10.43
2017-02-01,South,12,10.86
2017-02-02,South,7,9.00
2017-02-03,South,13,9.71
2017-02-04,South,8,10.14
2017-02-05,South,17,11.29
2017-02-06,South,13,11.71
2017-02-07,South,10,11.43
2017-02-08,South,13,11.57
2017-02-09,South,15,12.71
2017-02-10,South,10,12.29
2017-02-11,South,8,12.29
2017-02-12,South,8,11.00
2017-02-13,South,15,11.29
2017-02-14,South,9,11.14
2017-02-15,South,10,10.71
2017-02-16,South,10,10.00
2017-02-17,South,6,9.43
2017-02-18,South,5,9.00
2017-02-19,South,10,9.29
2017-02-20,South,10,8.57
2017-02-21,South,6,8.14
2017-02-22,South,6,7.57
2017-02-23,South,12,7.86
2017-02-24,South,10,8.43
2017-02-25,South,5,8.43
2017-02-26,South,6,7.86
2017-02-27,South,7,7.43
2017-02-28,South,12,8.29
2017-03-01,South,14,9.43
2017-03-02,South,10,9.14
2017-03-03,South,9,9.00
2017-03-04,South,12,10.00
2017-03-05,South,9,10.43
2017-03-06,South,12,11.14
2017-03-07,South,15,11.57
2017-03-08,South,15,11.71
2017-03-09,South,10,11.71
2017-03-10,South,10,11.86
2017-03-11,South,8,11.29
2017-03-12,South,5,10.71
2017-03-13,South,17,11.43
2017-03-14,South,11,10.86
2017-03-15,South,22,11.86
2017-03-16,South,11,12.00
2017-03-17,South,15,12.71
2017-03-18,South,12,13.29
2017-03-19,South,5,13.29
2017-03-20,South,21,13.86
2017-03-21,South,14,14.29
2017-03-22,South,18,13.71
2017-03-23,South,14,14.14
2017-03-24,South,9,13.29
2017-03-25,South,4,12.14
2017-03-26,South,9,12.71
2017-03-27,South,20,12.57
2017-03-28,South,8,11.71
2017-03-29,South,13,11.00
2017-03-30,South,16,11.29
2017-03-31,South,10,11.43
2017-04-01,South,6,11.71
2017-04-02,South,6,11.29
2017-04-03,South,10,9.86
2017-04-04,South,13,10.57
2017-04-05,South,14,10.71
2017-04-06,South,13,10.29
2017-04-07,South,6,9.71
2017-04-08,South,16,11.14
2017-04-09,South,13,12.14
2017-04-10,South,12,12.43
2017-04-11,South,10,12.00
2017-04-12,South,8,11.14
2017-04-13,South,9,10.57
2017-04-14,South,10,11.14
2017-04-15,South,6,9.71
2017-04-16,South,8,9.00
2017-04-17,South,10,8.71
2017-04-18,South,18,9.86
2017-04-19,South,17,11.14
2017-04-20,South,14,11.86
2017-04-21,South,12,12.14
2017-04-22,South,15,13.43
2017-04-23,South,8,13.43
2017-04-24,South,13,13.86
2017-04-25,South,23,14.57
2017-04-26,South,17,14.57
2017-04-27,South,10,14.00
2017-04-28,South,16,14.57
2017-04-29,South,10,13.86
2017-04-30,South,12,14.43
2017-05-01,South,14,14.57
2017-05-02,South,25,14.86
2017-05-03,South,14,14.43
2017-05-04,South,12,14.71
2017-05-05,South,20,15.29
2017-05-06,South,16,16.14
2017-05-07,South,12,16.14
2017-05-08,South,25,17.71
2017-05-09,South,23,17.43
2017-05-10,South,22,18.57
2017-05-11,South,24,20.29
2017-05-12,South,16,19.71
2017-05-13,South,7,18.43
2017-05-14,South,13,18.57
2017-05-15,South,26,18.71
2017-05-16,South,23,18.71
2017-05-17,South,22,18.71
2017-05-18,South,20,18.14
2017-05-19,South,19,18.57
2017-05-20,South,9,18.86
2017-05-21,South,21,20.00
2017-05-22,South,21,19.29
2017-05-23,South,17,18.43
2017-05-24,South,18,17.86
2017-05-25,South,16,17.29
2017-05-26,South,15,16.71
2017-05-27,South,20,18.29
2017-05-28,South,15,17.43
2017-05-29,South,25,18.00
2017-05-30,South,15,17.71
2017-05-31,South,21,18.14
2017-06-01,South,17,18.29
2017-06-02,South,9,17.43
2017-06-03,South,11,16.14
2017-06-04,South,23,17.29
2017-06-05,South,28,17.71
2017-06-06,South,24,19.00
2017-06-07,South,26,19.71
2017-06-08,South,23,20.57
2017-06-09,South,9,20.57
2017-06-10,South,11,20.57
2017-06-11,South,26,21.00
2017-06-12,South,20,19.86
2017-06-13,South,24,19.86
2017-06-14,South,22,19.29
2017-06-15,South,15,18.14
2017-06-16,South,22,20.00
2017-06-17,South,8,19.57
2017-06-18,South,11,17.43
2017-06-19,South,26,18.29
2017-06-20,South,12,16.57
2017-06-21,South,2,13.71
2017-06-22,South,12,13.29
2017-06-23,South,13,12.00
2017-06-24,South,16,13.14
2017-06-25,South,14,13.57
2017-06-26,South,12,11.57
2017-06-27,South,28,13.86
2017-06-28,South,18,16.14
2017-06-29,South,14,16.43
2017-06-30,South,8,15.71
2017-07-01,South,15,15.57
2017-07-02,South,12,15.29
2017-07-03,South,22,16.71
2017-07-04,South,19,15.43
2017-07-05,South,25,16.43
2017-07-06,South,17,16.86
2017-07-07,South,20,18.57
2017-07-08,South,11,18.00
2017-07-09,South,13,18.14
2017-07-10,South,16,17.29
2017-07-11,South,26,18.29
2017-07-12,South,26,18.43
2017-07-13,South,23,19.29
2017-07-14,South,27,20.29
2017-07-15,South,18,21.29
2017-07-16,South,13,21.29
2017-07-17,South,22,22.14
2017-07-18,South,29,22.57
2017-07-19,South,19,21.57
2017-07-20,South,15,20.43
2017-07-21,South,14,18.57
2017-07-22,South,14,18.00
2017-07-23,South,17,18.57
2017-07-24,South,14,17.43
2017-07-25,South,29,17.43
2017-07-26,South,30,19.00
2017-07-27,South,14,18.86
2017-07-28,South,22,20.00
2017-07-29,South,20,20.86
2017-07-30,South,16,20.71
2017-07-31,South,20,21.57
2017-08-01,South,29,21.57
2017-08-02,South,29,21.43
2017-08-03,South,24,22.86
2017-08-04,South,26,23.43
2017-08-05,South,21,23.57
2017-08-06,South,19,24.00
2017-08-07,South,19,23.86
2017-08-08,South,26,23.43
2017-08-09,South,21,22.29
2017-08-10,South,29,23.00
2017-08-11,South,23,22.57
2017-08-12,South,12,21.29
2017-08-13,South,21,21.57
2017-08-14,South,17,21.29
2017-08-15,South,31,22.00
2017-08-16,South,30,23.29
2017-08-17,South,19,21.86
2017-08-18,South,13,20.43
2017-08-19,South,18,21.29
2017-08-20,South,13,20.14
2017-08-21,South,25,21.29
2017-08-22,South,23,20.14
2017-08-23,South,24,19.29
2017-08-24,South,20,19.43
2017-08-25,South,17,20.00
2017-08-26,South,16,19.71
2017-08-27,South,20,20.71
2017-08-28,South,24,20.57
2017-08-29,South,18,19.86
2017-08-30,South,27,20.29
2017-08-31,South,23,20.71
2017-09-01,South,24,21.71
2017-09-02,South,15,21.57
2017-09-03,South,19,21.43
2017-09-04,South,17,20.43
2017-09-05,South,26,21.57
2017-09-06,South,23,21.00
2017-09-07,South,12,19.43
2017-09-08,South,18,18.57
2017-09-09,South,8,17.57
2017-09-10,South,17,17.29
2017-09-11,South,25,18.43
2017-09-12,South,23,18.00
2017-09-13,South,28,18.71
2017-09-14,South,22,20.14
2017-09-15,South,19,20.29
2017-09-16,South,21,22.14
2017-09-17,South,27,23.57
2017-09-18,South,17,22.43
2017-09-19,South,35,24.14
2017-09-20,South,21,23.14
2017-09-21,South,25,23.57
2017-09-22,South,16,23.14
2017-09-23,South,16,22.43
2017-09-24,South,13,20.43
2017-09-25,South,21,21.00
2017-09-26,South,21,19.00
2017-09-27,South,21,19.00
2017-09-28,South,23,18.71
2017-09-29,South,27,20.29
2017-09-30,South,10,19.43
2017-10-01,South,21,20.57
2017-10-02,South,17,20.00
2017-10-03,South,26,20.71
2017-10-04,South,15,19.86
2017-10-05,South,16,18.86
2017-10-06,South,11,16.57
2017-10-07,South,15,17.29
2017-10-08,South,22,17.43
2017-10-09,South,27,18.86
2017-10-10,South,21,18.14
2017-10-11,South,22,19.14
2017-10-12,South,17,19.29
2017-10-13,South,27,21.57
2017-10-14,South,16,21.71
2017-10-15,South,16,20.86
2017-10-16,South,26,20.71
2017-10-17,South,30,22.00
2017-10-18,South,20,21.71
2017-10-19,South,22,22.43
2017-10-20,South,14,20.57
2017-10-21,South,20,21.14
2017-10-22,South,25,22.43
2017-10-23,South,27,22.57
2017-10-24,South,29,22.43
2017-10-25,South,16,21.86
2017-10-26,South,18,21.29
2017-10-27,South,15,21.43
2017-10-28,South,12,20.29
2017-10-29,South,17,19.14
2017-10-30,South,17,17.71
2017-10-31,South,26,17.29
2017-11-01,South,16,17.29
2017-11-02,South,12,16.43
2017-11-03,South,17,16.71
2017-11-04,South,20,17.86
2017-11-05,South,19,18.14
2017-11-06,South,26,19.43
2017-11-07,South,20,18.57
2017-11-08,South,28,20.29
2017-11-09,South,29,22.71
2017-11-10,South,27,24.14
2017-11-11,South,25,24.86
2017-11-12,South,23,25.43
2017-11-13,South,24,25.14
2017-11-14,South,26,26.00
2017-11-15,South,21,25.00
2017-11-16,South,37,26.14
2017-11-17,South,25,25.86
2017-11-18,South,28,26.29
2017-11-19,South,24,26.43
2017-11-20,South,27,26.86
2017-11-21,South,37,28.43
2017-11-22,South,18,28.00
2017-11-23,South,48,29.57
2017-11-24,South,183,52.14
2017-11-25,South,66,57.57
2017-11-26,South,53,61.71
2017-11-27,South,71,68.00
2017-11-28,South,45,69.14
2017-11-29,South,57,74.71
2017-11-30,South,34,72.71
2017-12-01,South,36,51.71
2017-12-02,South,18,44.86
2017-12-03,South,29,41.43
2017-12-04,South,42,37.29
2017-12-05,South,30,35.14
2017-12-06,South,37,32.29
2017-12-07,South,29,31.57
2017-12-08,South,31,30.86
2017-12-09,South,23,31.57
2017-12-10,South,23,30.71
2017-12-11,South,44,31.00
2017-12-12,South,30,31.00
2017-12-13,South,32,30.29
2017-12-14,South,31,30.57
2017-12-15,South,26,29.86
2017-12-16,South,17,29.00
2017-12-17,South,14,27.71
2017-12-18,South,28,25.43
2017-12-19,South,22,24.29
2017-12-20,South,24,23.14
2017-12-21,South,18,21.29
2017-12-22,South,12,19.29
2017-12-23,South,12,18.57
2017-12-24,South,16,18.86
2017-12-25,South,12,16.57
2017-12-26,South,22,16.57
2017-12-27,South,29,17.29
2017-12-28,South,16,17.00
2017-12-29,South,13,17.14
2017-12-30,South,8,16.57
2017-12-31,South,12,16.00
2018-01-01,South,11,15.86
2018-01-02,South,24,16.14
2018-01-03,South,35,17.00
2018-01-04,South,31,19.14
2018-01-05,South,37,22.57
2018-01-06,South,39,27.00
2018-01-07,South,21,28.29
2018-01-08,South,43,32.86
2018-01-09,South,40,35.14
2018-01-10,South,40,35.86
2018-01-11,South,37,36.71
2018-01-12,South,36,36.57
2018-01-13,South,29,35.14
2018-01-14,South,35,37.14
2018-01-15,South,49,38.00
2018-01-16,South,35,37.29
2018-01-17,South,42,37.57
2018-01-18,South,27,36.14
2018-01-19,South,33,35.71
2018-01-20,South,27,35.43
2018-01-21,South,35,35.43
2018-01-22,South,50,35.57
2018-01-23,South,37,35.86
2018-01-24,South,37,35.14
2018-01-25,South,37,36.57
2018-01-26,South,34,36.71
2018-01-27,South,21,35.86
2018-01-28,South,23,34.14
2018-01-29,South,47,33.71
2018-01-30,South,38,33.86
2018-01-31,South,29,32.71
2018-02-01,South,31,31.86
2018-02-02,South,28,31.00
2018-02-03,South,21,31.00
2018-02-04,South,30,32.00
2018-02-05,South,42,31.29
2018-02-06,South,38,31.29
2018-02-07,South,28,31.14
2018-02-08,South,27,30.57
2018-02-09,South,27,30.43
2018-02-10,South,24,30.86
2018-02-11,South,31,31.00
2018-02-12,South,38,30.43
2018-02-13,South,18,27.57
2018-02-14,South,54,31.29
2018-02-15,South,49,34.43
2018-02-16,South,19,33.29
2018-02-17,South,31,34.29
2018-02-18,South,26,33.57
2018-02-19,South,45,34.57
2018-02-20,South,52,39.43
2018-02-21,South,40,37.43
2018-02-22,South,35,35.43
2018-02-23,South,36,37.86
2018-02-24,South,26,37.14
2018-02-25,South,29,37.57
2018-02-26,South,46,37.71
2018-02-27,South,37,35.57
2018-02-28,South,49,36.86
2018-03-01,South,51,39.14
2018-03-02,South,40,39.71
2018-03-03,South,36,41.14
2018-03-04,South,29,41.14
2018-03-05,South,44,40.86
2018-03-06,South,39,41.14
2018-03-07,South,37,39.43
2018-03-08,South,27,36.00
2018-03-09,South,19,33.00
2018-03-10,South,30,32.14
2018-03-11,South,31,32.43
2018-03-12,South,35,31.14
2018-03-13,South,25,29.14
2018-03-14,South,25,27.43
2018-03-15,South,37,28.86
2018-03-16,South,36,31.29
2018-03-17,South,35,32.00
2018-03-18,South,39,33.14
2018-03-19,South,33,32.86
2018-03-20,South,54,37.00
2018-03-21,South,46,40.00
2018-03-22,South,44,41.00
2018-03-23,South,24,39.29
2018-03-24,South,23,37.57
2018-03-25,South,28,36.00
2018-03-26,South,33,36.00
2018-03-27,South,36,33.43
2018-03-28,South,29,31.00
2018-03-29,South,27,28.57
2018-03-30,South,22,28.29
2018-03-31,South,28,29.00
2018-04-01,South,34,29.86
2018-04-02,South,43,31.29
2018-04-03,South,32,30.71
2018-04-04,South,26,30.29
2018-04-05,South,37,31.71
2018-04-06,South,28,32.57
2018-04-07,South,16,30.86
2018-04-08,South,22,29.14
2018-04-09,South,35,28.00
2018-04-10,South,22,26.57
2018-04-11,South,41,28.71
2018-04-12,South,35,28.43
2018-04-13,South,29,28.57
2018-04-14,South,20,29.14
2018-04-15,South,41,31.86
2018-04-16,South,45,33.29
2018-04-17,South,40,35.86
2018-04-18,South,53,37.57
2018-04-19,South,29,36.71
2018-04-20,South,28,36.57
2018-04-21,South,24,37.14
2018-04-22,South,38,36.71
2018-04-23,South,44,36.57
2018-04-24,South,40,36.57
2018-04-25,South,30,33.29
2018-04-26,South,35,34.14
2018-04-27,South,30,34.43
2018-04-28,South,22,34.14
2018-04-29,South,31,33.14
2018-04-30,South,30,31.14
2018-05-01,South,47,32.14
2018-05-02,South,39,33.43
2018-05-03,South,40,34.14
2018-05-04,South,39,35.43
2018-05-05,South,20,35.14
2018-05-06,South,28,34.71
2018-05-07,South,47,37.14
2018-05-08,South,42,36.43
2018-05-09,South,48,37.71
2018-05-10,South,45,38.43
2018-05-11,South,32,37.43
2018-05-12,South,23,37.86
2018-05-13,South,34,38.71
2018-05-14,South,49,39.00
2018-05-15,South,47,39.71
2018-05-16,South,44,39.14
2018-05-17,South,26,36.43
2018-05-18,South,29,36.00
2018-05-19,South,12,34.43
2018-05-20,South,21,32.57
2018-05-21,South,31,30.00
2018-05-22,South,20,26.14
2018-05-23,South,12,21.57
2018-05-24,South,9,19.14
2018-05-25,South,14,17.00
2018-05-26,South,12,17.00
2018-05-27,South,12,15.71
2018-05-28,South,19,14.00
2018-05-29,South,13,13.00
2018-05-30,South,16,13.57
2018-05-31,South,18,14.86
2018-06-01,South,18,15.43
2018-06-02,South,15,15.86
2018-06-03,South,25,17.71
2018-06-04,South,30,19.29
2018-06-05,South,31,21.86
2018-06-06,South,31,24.00
2018-06-07,South,31,25.86
2018-06-08,South,31,27.71
2018-06-09,South,23,28.86
2018-06-10,South,21,28.29
2018-06-11,South,35,29.00
2018-06-12,South,31,29.00
2018-06-13,South,38,30.00
2018-06-14,South,19,28.29
2018-06-15,South,25,27.43
2018-06-16,South,16,26.43
2018-06-17,South,11,25.00
2018-06-18,South,36,25.14
2018-06-19,South,28,24.71
2018-06-20,South,33,24.00
2018-06-21,South,30,25.57
2018-06-22,South,27,25.86
2018-06-23,South,23,26.86
2018-06-24,South,22,28.43
2018-06-25,South,33,28.00
2018-06-26,South,34,28.86
2018-06-27,South,31,28.57
2018-06-28,South,42,30.29
2018-06-29,South,26,30.14
2018-06-30,South,19,29.57
2018-07-01,South,21,29.43
2018-07-02,South,28,28.71
2018-07-03,South,32,28.43
2018-07-04,South,27,27.86
2018-07-05,South,25,25.43
2018-07-06,South,11,23.29
2018-07-07,South,11,22.14
2018-07-08,South,18,21.71
2018-07-09,South,16,20.00
2018-07-10,South,18,18.00
2018-07-11,South,15,16.29
2018-07-12,South,22,15.86
2018-07-13,South,35,19.29
2018-07-14,South,18,20.29
2018-07-15,South,29,21.86
2018-07-16,South,46,26.14
2018-07-17,South,38,29.00
2018-07-18,South,35,31.86
2018-07-19,South,34,33.57
2018-07-20,South,33,33.29
2018-07-21,South,20,33.57
2018-07-22,South,25,33.00
2018-07-23,South,53,34.00
2018-07-24,South,33,33.29
2018-07-25,South,32,32.86
2018-07-26,South,20,30.86
2018-07-27,South,24,29.57
2018-07-28,South,26,30.43
2018-07-29,South,26,30.57
2018-07-30,South,25,26.57
2018-07-31,South,29,26.00
2018-08-01,South,33,26.14
2018-08-02,South,43,29.43
2018-08-03,South,26,29.71
2018-08-04,South,22,29.14
2018-08-05,South,41,31.29
2018-08-06,South,59,36.14
2018-08-07,South,44,38.29
2018-08-08,South,44,39.86
2018-08-09,South,37,39.00
2018-08-10,South,47,42.00
2018-08-11,South,32,43.43
2018-08-12,South,29,41.71
2018-08-13,South,37,38.57
2018-08-14,South,44,38.57
2018-08-15,South,41,38.14
2018-08-16,South,47,39.57
2018-08-17,South,37,38.14
2018-08-18,South,28,37.57
2018-08-19,South,26,37.14
2018-08-20,South,29,36.00
2018-08-21,South,27,33.57
2018-08-22,South,21,30.71
2018-08-23,South,12,25.71
2018-08-24,South,5,21.14
2018-08-25,South,5,17.86
2018-08-26,South,4,14.71
2018-08-27,South,4,11.14
2018-08-28,South,2,7.57
2018-08-29,South,1,4.71
2018-08-30,South,0,3.00
2018-08-31,South,0,2.29
2017-01-01,Southeast,0,0.00
2017-01-02,Southeast,0,0.00
2017-01-03,Southeast,0,0.00
2017-01-04,Southeast,0,0.00
2017-01-05,Southeast,2,0.40
2017-01-06,Southeast,3,0.83
2017-01-07,Southeast,3,1.14
2017-01-08,Southeast,5,1.86
2017-01-09,Southeast,4,2.43
2017-01-10,Southeast,4,3.00
2017-01-11,Southeast,7,4.00
2017-01-12,Southeast,9,5.00
2017-01-13,Southeast,8,5.71
2017-01-14,Southeast,13,7.14
2017-01-15,Southeast,8,7.57
2017-01-16,Southeast,13,8.86
2017-01-17,Southeast,25,11.86
2017-01-18,Southeast,23,14.14
2017-01-19,Southeast,23,16.14
2017-01-20,Southeast,22,18.14
2017-01-21,Southeast,13,18.14
2017-01-22,Southeast,24,20.43
2017-01-23,Southeast,28,22.57
2017-01-24,Southeast,24,22.43
2017-01-25,Southeast,40,24.86
2017-01-26,Southeast,53,29.14
2017-01-27,Southeast,42,32.00
2017-01-28,Southeast,14,32.14
2017-01-29,Southeast,19,31.43
2017-01-30,Southeast,35,32.43
2017-01-31,Southeast,43,35.14
2017-02-01,Southeast,44,35.71
2017-02-02,Southeast,48,35.00
2017-02-03,Southeast,32,33.57
2017-02-04,Southeast,45,38.00
2017-02-05,Southeast,47,42.00
2017-02-06,Southeast,56,45.00
2017-02-07,Southeast,85,51.00
2017-02-08,Southeast,59,53.14
2017-02-09,Southeast,55,54.14
2017-02-10,Southeast,47,56.29
2017-02-11,Southeast,29,54.00
2017-02-12,Southeast,44,53.57
2017-02-13,Southeast,44,51.86
2017-02-14,Southeast,47,46.43
2017-02-15,Southeast,46,44.57
2017-02-16,Southeast,32,41.29
2017-02-17,Southeast,23,37.86
2017-02-18,Southeast,37,39.00
2017-02-19,Southeast,24,36.14
2017-02-20,Southeast,43,36.00
2017-02-21,Southeast,26,33.00
2017-02-22,Southeast,40,32.14
2017-02-23,Southeast,40,33.29
2017-02-24,Southeast,40,35.71
2017-02-25,Southeast,27,34.29
2017-02-26,Southeast,34,35.71
2017-02-27,Southeast,27,33.43
2017-02-28,Southeast,33,34.43
2017-03-01,Southeast,63,37.71
2017-03-02,Southeast,45,38.43
2017-03-03,Southeast,50,39.86
2017-03-04,Southeast,49,43.00
2017-03-05,Southeast,43,44.29
2017-03-06,Southeast,70,50.43
2017-03-07,Southeast,54,53.43
2017-03-08,Southeast,46,51.00
2017-03-09,Southeast,64,53.71
2017-03-10,Southeast,61,55.29
2017-03-11,Southeast,47,55.00
2017-03-12,Southeast,46,55.43
2017-03-13,Southeast,75,56.14
2017-03-14,Southeast,69,58.29
2017-03-15,Southeast,67,61.29
2017-03-16,Southeast,69,62.00
2017-03-17,Southeast,40,59.00
2017-03-18,Southeast,46,58.86
2017-03-19,Southeast,44,58.57
2017-03-20,Southeast,73,58.29
2017-03-21,Southeast,66,57.86
2017-03-22,Southeast,71,58.43
2017-03-23,Southeast,80,60.00
2017-03-24,Southeast,55,62.14
2017-03-25,Southeast,55,63.43
2017-03-26,Southeast,43,63.29
2017-03-27,Southeast,67,62.43
2017-03-28,Southeast,76,63.86
2017-03-29,Southeast,50,60.86
2017-03-30,Southeast,47,56.14
2017-03-31,Southeast,44,54.57
2017-04-01,Southeast,46,53.29
2017-04-02,Southeast,49,54.14
2017-04-03,Southeast,50,51.71
2017-04-04,Southeast,70,50.86
2017-04-05,Southeast,78,54.86
2017-04-06,Southeast,65,57.43
2017-04-07,Southeast,57,59.29
2017-04-08,Southeast,38,58.14
2017-04-09,Southeast,39,56.71
2017-04-10,Southeast,59,58.00
2017-04-11,Southeast,54,55.71
2017-04-12,Southeast,42,50.57
2017-04-13,Southeast,35,46.29
2017-04-14,Southeast,26,41.86
2017-04-15,Southeast,35,41.43
2017-04-16,Southeast,23,39.14
2017-04-17,Southeast,38,36.14
2017-04-18,Southeast,37,33.71
2017-04-19,Southeast,70,37.71
2017-04-20,Southeast,65,42.00
2017-04-21,Southeast,36,43.43
2017-04-22,Southeast,47,45.14
2017-04-23,Southeast,62,50.71
2017-04-24,Southeast,83,57.14
2017-04-25,Southeast,72,62.14
2017-04-26,Southeast,81,63.71
2017-04-27,Southeast,48,61.29
2017-04-28,Southeast,61,64.86
2017-04-29,Southeast,44,64.43
2017-04-30,Southeast,38,61.00
2017-05-01,Southeast,83,61.00
2017-05-02,Southeast,76,61.57
2017-05-03,Southeast,61,58.71
2017-05-04,Southeast,67,61.43
2017-05-05,Southeast,67,62.29
2017-05-06,Southeast,77,67.00
2017-05-07,Southeast,76,72.43
2017-05-08,Southeast,70,70.57
2017-05-09,Southeast,74,70.29
2017-05-10,Southeast,72,71.86
2017-05-11,Southeast,85,74.43
2017-05-12,Southeast,74,75.43
2017-05-13,Southeast,50,71.57
2017-05-14,Southeast,69,70.57
2017-05-15,Southeast,95,74.14
2017-05-16,Southeast,103,78.29
2017-05-17,Southeast,94,81.43
2017-05-18,Southeast,85,81.43
2017-05-19,Southeast,107,86.14
2017-05-20,Southeast,51,86.29
2017-05-21,Southeast,107,91.71
2017-05-22,Southeast,94,91.57
2017-05-23,Southeast,83,88.71
2017-05-24,Southeast,91,88.29
2017-05-25,Southeast,71,86.29
2017-05-26,Southeast,51,78.29
2017-05-27,Southeast,44,77.29
2017-05-28,Southeast,65,71.29
2017-05-29,Southeast,109,73.43
2017-05-30,Southeast,61,70.29
2017-05-31,Southeast,81,68.86
2017-06-01,Southeast,89,71.43
2017-06-02,Southeast,87,76.57
2017-06-03,Southeast,59,78.71
2017-06-04,Southeast,66,78.86
2017-06-05,Southeast,94,76.71
2017-06-06,Southeast,94,81.43
2017-06-07,Southeast,74,80.43
2017-06-08,Southeast,83,79.57
2017-06-09,Southeast,77,78.14
2017-06-10,Southeast,48,76.57
2017-06-11,Southeast,70,77.14
2017-06-12,Southeast,91,76.71
2017-06-13,Southeast,73,73.71
2017-06-14,Southeast,82,74.86
2017-06-15,Southeast,69,72.86
2017-06-16,Southeast,54,69.57
2017-06-17,Southeast,57,70.86
2017-06-18,Southeast,62,69.71
2017-06-19,Southeast,104,71.57
2017-06-20,Southeast,66,70.57
2017-06-21,Southeast,32,63.43
2017-06-22,Southeast,65,62.86
2017-06-23,Southeast,73,65.57
2017-06-24,Southeast,52,64.86
2017-06-25,Southeast,72,66.29
2017-06-26,Southeast,48,58.29
2017-06-27,Southeast,94,62.29
2017-06-28,Southeast,77,68.71
2017-06-29,Southeast,80,70.86
2017-06-30,Southeast,62,69.29
2017-07-01,Southeast,52,69.29
2017-07-02,Southeast,78,70.14
2017-07-03,Southeast,78,74.43
2017-07-04,Southeast,86,73.29
2017-07-05,Southeast,92,75.43
2017-07-06,Southeast,98,78.00
2017-07-07,Southeast,74,79.71
2017-07-08,Southeast,56,80.29
2017-07-09,Southeast,55,77.00
2017-07-10,Southeast,98,79.86
2017-07-11,Southeast,110,83.29
2017-07-12,Southeast,92,83.29
2017-07-13,Southeast,79,80.57
2017-07-14,Southeast,97,83.86
2017-07-15,Southeast,64,85.00
2017-07-16,Southeast,77,88.14
2017-07-17,Southeast,112,90.14
2017-07-18,Southeast,134,93.57
2017-07-19,Southeast,107,95.71
2017-07-20,Southeast,93,97.71
2017-07-21,Southeast,74,94.43
2017-07-22,Southeast,57,93.43
2017-07-23,Southeast,70,92.43
2017-07-24,Southeast,117,93.14
2017-07-25,Southeast,96,87.71
2017-07-26,Southeast,69,82.29
2017-07-27,Southeast,84,81.00
2017-07-28,Southeast,90,83.29
2017-07-29,Southeast,78,86.29
2017-07-30,Southeast,80,87.71
2017-07-31,Southeast,106,86.14
2017-08-01,Southeast,104,87.29
2017-08-02,Southeast,108,92.86
2017-08-03,Southeast,104,95.71
2017-08-04,Southeast,79,94.14
2017-08-05,Southeast,63,92.00
2017-08-06,Southeast,68,90.29
2017-08-07,Southeast,105,90.14
2017-08-08,Southeast,101,89.71
2017-08-09,Southeast,100,88.57
2017-08-10,Southeast,100,88.00
2017-08-11,Southeast,91,89.71
2017-08-12,Southeast,66,90.14
2017-08-13,Southeast,60,89.00
2017-08-14,Southeast,112,90.00
2017-08-15,Southeast,120,92.71
2017-08-16,Southeast,111,94.29
2017-08-17,Southeast,103,94.71
2017-08-18,Southeast,110,97.43
2017-08-19,Southeast,73,98.43
2017-08-20,Southeast,65,99.14
2017-08-21,Southeast,116,99.71
2017-08-22,Southeast,91,95.57
2017-08-23,Southeast,70,89.71
2017-08-24,Southeast,84,87.00
2017-08-25,Southeast,80,82.71
2017-08-26,Southeast,57,80.43
2017-08-27,Southeast,72,81.43
2017-08-28,Southeast,96,78.57
2017-08-29,Southeast,90,78.43
2017-08-30,Southeast,112,84.43
2017-08-31,Southeast,99,86.57
2017-09-01,Southeast,104,90.00
2017-09-02,Southeast,70,91.86
2017-09-03,Southeast,82,93.29
2017-09-04,Southeast,99,93.71
2017-09-05,Southeast,98,94.86
2017-09-06,Southeast,84,90.86
2017-09-07,Southeast,65,86.00
2017-09-08,Southeast,73,81.57
2017-09-09,Southeast,72,81.86
2017-09-10,Southeast,95,83.71
2017-09-11,Southeast,115,86.00
2017-09-12,Southeast,129,90.43
2017-09-13,Southeast,133,97.43
2017-09-14,Southeast,101,102.57
2017-09-15,Southeast,98,106.14
2017-09-16,Southeast,83,107.71
2017-09-17,Southeast,74,104.71
2017-09-18,Southeast,138,108.00
2017-09-19,Southeast,94,103.00
2017-09-20,Southeast,110,99.71
2017-09-21,Southeast,91,98.29
2017-09-22,Southeast,103,99.00
2017-09-23,Southeast,53,94.71
2017-09-24,Southeast,76,95.00
2017-09-25,Southeast,86,87.57
2017-09-26,Southeast,127,92.29
2017-09-27,Southeast,95,90.14
2017-09-28,Southeast,95,90.71
2017-09-29,Southeast,73,86.43
2017-09-30,Southeast,85,91.00
2017-10-01,Southeast,81,91.71
2017-10-02,Southeast,98,93.43
2017-10-03,Southeast,132,94.14
2017-10-04,Southeast,108,96.00
2017-10-05,Southeast,98,96.43
2017-10-06,Southeast,85,98.14
2017-10-07,Southeast,69,95.86
2017-10-08,Southeast,76,95.14
2017-10-09,Southeast,121,98.43
2017-10-10,Southeast,124,97.29
2017-10-11,Southeast,112,97.86
2017-10-12,Southeast,91,96.86
2017-10-13,Southeast,87,97.14
2017-10-14,Southeast,82,99.00
2017-10-15,Southeast,90,101.00
2017-10-16,Southeast,125,101.57
2017-10-17,Southeast,128,102.14
2017-10-18,Southeast,127,104.29
2017-10-19,Southeast,119,108.29
2017-10-20,Southeast,76,106.71
2017-10-21,Southeast,78,106.14
2017-10-22,Southeast,115,109.71
2017-10-23,Southeast,105,106.86
2017-10-24,Southeast,111,104.43
2017-10-25,Southeast,103,101.00
2017-10-26,Southeast,95,97.57
2017-10-27,Southeast,89,99.43
2017-10-28,Southeast,55,96.14
2017-10-29,Southeast,89,92.43
2017-10-30,Southeast,90,90.29
2017-10-31,Southeast,104,89.29
2017-11-01,Southeast,72,84.86
2017-11-02,Southeast,81,82.86
2017-11-03,Southeast,91,83.14
2017-11-04,Southeast,72,85.57
2017-11-05,Southeast,88,85.43
2017-11-06,Southeast,125,90.43
2017-11-07,Southeast,111,91.43
2017-11-08,Southeast,119,98.14
2017-11-09,Southeast,129,105.00
2017-11-10,Southeast,113,108.14
2017-11-11,Southeast,112,113.86
2017-11-12,Southeast,115,117.71
2017-11-13,Southeast,142,120.14
2017-11-14,Southeast,124,122.00
2017-11-15,Southeast,128,123.29
2017-11-16,Southeast,155,127.00
2017-11-17,Southeast,130,129.43
2017-11-18,Southeast,86,125.71
2017-11-19,Southeast,110,125.00
2017-11-20,Southeast,147,125.71
2017-11-21,Southeast,147,129.00
2017-11-22,Southeast,138,130.43
2017-11-23,Southeast,169,132.43
2017-11-24,Southeast,808,229.29
2017-11-25,Southeast,331,264.29
2017-11-26,Southeast,287,289.57
2017-11-27,Southeast,270,307.14
2017-11-28,Southeast,276,325.57
2017-11-29,Southeast,210,335.86
2017-11-30,Southeast,198,340.00
2017-12-01,Southeast,199,253.00
2017-12-02,Southeast,158,228.29
2017-12-03,Southeast,172,211.86
2017-12-04,Southeast,241,207.71
2017-12-05,Southeast,200,196.86
2017-12-06,Southeast,186,193.43
2017-12-07,Southeast,157,187.57
2017-12-08,Southeast,149,180.43
2017-12-09,Southeast,103,172.57
2017-12-10,Southeast,137,167.57
2017-12-11,Southeast,180,158.86
2017-12-12,Southeast,195,158.14
2017-12-13,Southeast,152,153.29
2017-12-14,Southeast,129,149.29
2017-12-15,Southeast,116,144.57
2017-12-16,Southeast,89,142.57
2017-12-17,Southeast,91,136.00
2017-12-18,Southeast,139,130.14
2017-12-19,Southeast,118,119.14
2017-12-20,Southeast,113,113.57
2017-12-21,Southeast,97,109.00
2017-12-22,Southeast,79,103.71
2017-12-23,Southeast,70,101.00
2017-12-24,Southeast,35,93.00
2017-12-25,Southeast,55,81.00
2017-12-26,Southeast,119,81.14
2017-12-27,Southeast,102,79.57
2017-12-28,Southeast,108,81.14
2017-12-29,Southeast,99,84.00
2017-12-30,Southeast,68,83.71
2017-12-31,Southeast,45,85.14
2018-01-01,Southeast,48,84.14
2018-01-02,Southeast,141,87.29
2018-01-03,Southeast,152,94.43
2018-01-04,Southeast,178,104.43
2018-01-05,Southeast,133,109.29
2018-01-06,Southeast,136,119.00
2018-01-07,Southeast,145,133.29
2018-01-08,Southeast,192,153.86
2018-01-09,Southeast,161,156.71
2018-01-10,Southeast,178,160.43
2018-01-11,Southeast,180,160.71
2018-01-12,Southeast,159,164.43
2018-01-13,Southeast,151,166.57
2018-01-14,Southeast,162,169.00
2018-01-15,Southeast,202,170.43
2018-01-16,Southeast,208,177.14
2018-01-17,Southeast,185,178.14
2018-01-18,Southeast,172,177.00
2018-01-19,Southeast,155,176.43
2018-01-20,Southeast,132,173.71
2018-01-21,Southeast,125,168.43
2018-01-22,Southeast,221,171.14
2018-01-23,Southeast,185,167.86
2018-01-24,Southeast,156,163.71
2018-01-25,Southeast,151,160.71
2018-01-26,Southeast,153,160.43
2018-01-27,Southeast,108,157.00
2018-01-28,Southeast,105,154.14
2018-01-29,Southeast,158,145.14
2018-01-30,Southeast,176,143.86
2018-01-31,Southeast,186,148.14
2018-02-01,Southeast,164,150.00
2018-02-02,Southeast,142,148.43
2018-02-03,Southeast,124,150.71
2018-02-04,Southeast,125,153.57
2018-02-05,Southeast,183,157.14
2018-02-06,Southeast,185,158.43
2018-02-07,Southeast,174,156.71
2018-02-08,Southeast,158,155.86
2018-02-09,Southeast,138,155.29
2018-02-10,Southeast,118,154.43
2018-02-11,Southeast,109,152.14
2018-02-12,Southeast,145,146.71
2018-02-13,Southeast,159,143.00
2018-02-14,Southeast,200,146.71
2018-02-15,Southeast,176,149.29
2018-02-16,Southeast,145,150.29
2018-02-17,Southeast,124,151.14
2018-02-18,Southeast,144,156.14
2018-02-19,Southeast,167,159.29
2018-02-20,Southeast,188,163.43
2018-02-21,Southeast,179,160.43
2018-02-22,Southeast,196,163.29
2018-02-23,Southeast,160,165.43
2018-02-24,Southeast,130,166.29
2018-02-25,Southeast,159,168.43
2018-02-26,Southeast,193,172.14
2018-02-27,Southeast,205,174.57
2018-02-28,Southeast,207,178.57
2018-03-01,Southeast,177,175.86
2018-03-02,Southeast,178,178.43
2018-03-03,Southeast,132,178.71
2018-03-04,Southeast,165,179.57
2018-03-05,Southeast,172,176.57
2018-03-06,Southeast,191,174.57
2018-03-07,Southeast,168,169.00
2018-03-08,Southeast,170,168.00
2018-03-09,Southeast,144,163.14
2018-03-10,Southeast,121,161.57
2018-03-11,Southeast,146,158.86
2018-03-12,Southeast,152,156.00
2018-03-13,Southeast,170,153.00
2018-03-14,Southeast,138,148.71
2018-03-15,Southeast,202,153.29
2018-03-16,Southeast,174,157.57
2018-03-17,Southeast,108,155.71
2018-03-18,Southeast,145,155.57
2018-03-19,Southeast,210,163.86
2018-03-20,Southeast,205,168.86
2018-03-21,Southeast,191,176.43
2018-03-22,Southeast,178,173.00
2018-03-23,Southeast,161,171.14
2018-03-24,Southeast,115,172.14
2018-03-25,Southeast,130,170.00
2018-03-26,Southeast,195,167.86
2018-03-27,Southeast,175,163.57
2018-03-28,Southeast,153,158.14
2018-03-29,Southeast,136,152.14
2018-03-30,Southeast,116,145.71
2018-03-31,Southeast,104,144.14
2018-04-01,Southeast,143,146.00
2018-04-02,Southeast,197,146.29
2018-04-03,Southeast,176,146.43
2018-04-04,Southeast,187,151.29
2018-04-05,Southeast,189,158.86
2018-04-06,Southeast,129,160.71
2018-04-07,Southeast,115,162.29
2018-04-08,Southeast,130,160.43
2018-04-09,Southeast,178,157.71
2018-04-10,Southeast,144,153.14
2018-04-11,Southeast,192,153.86
2018-04-12,Southeast,182,152.86
2018-04-13,Southeast,131,153.14
2018-04-14,Southeast,102,151.29
2018-04-15,Southeast,159,155.43
2018-04-16,Southeast,188,156.86
2018-04-17,Southeast,183,162.43
2018-04-18,Southeast,178,160.43
2018-04-19,Southeast,198,162.71
2018-04-20,Southeast,138,163.71
2018-04-21,Southeast,112,165.14
2018-04-22,Southeast,134,161.57
2018-04-23,Southeast,183,160.86
2018-04-24,Southeast,178,160.14
2018-04-25,Southeast,196,162.71
2018-04-26,Southeast,178,159.86
2018-04-27,Southeast,174,165.00
2018-04-28,Southeast,126,167.00
2018-04-29,Southeast,114,164.14
2018-04-30,Southeast,171,162.43
2018-05-01,Southeast,167,160.86
2018-05-02,Southeast,212,163.14
2018-05-03,Southeast,213,168.14
2018-05-04,Southeast,182,169.29
2018-05-05,Southeast,133,170.29
2018-05-06,Southeast,134,173.14
2018-05-07,Southeast,259,185.71
2018-05-08,Southeast,225,194.00
2018-05-09,Southeast,240,198.00
2018-05-10,Southeast,183,193.71
2018-05-11,Southeast,170,192.00
2018-05-12,Southeast,141,193.14
2018-05-13,Southeast,139,193.86
2018-05-14,Southeast,256,193.43
2018-05-15,Southeast,261,198.57
2018-05-16,Southeast,263,201.86
2018-05-17,Southeast,176,200.86
2018-05-18,Southeast,188,203.43
2018-05-19,Southeast,111,199.14
2018-05-20,Southeast,118,196.14
2018-05-21,Southeast,156,181.86
2018-05-22,Southeast,160,167.43
2018-05-23,Southeast,107,145.14
2018-05-24,Southeast,95,133.57
2018-05-25,Southeast,77,117.71
2018-05-26,Southeast,70,111.86
2018-05-27,Southeast,72,105.29
2018-05-28,Southeast,103,97.71
2018-05-29,Southeast,106,90.00
2018-05-30,Southeast,87,87.14
2018-05-31,Southeast,98,87.57
2018-06-01,Southeast,121,93.86
2018-06-02,Southeast,107,99.14
2018-06-03,Southeast,137,108.43
2018-06-04,Southeast,164,117.14
2018-06-05,Southeast,134,121.14
2018-06-06,Southeast,159,131.43
2018-06-07,Southeast,157,139.86
2018-06-08,Southeast,138,142.29
2018-06-09,Southeast,114,143.29
2018-06-10,Southeast,135,143.00
2018-06-11,Southeast,207,149.14
2018-06-12,Southeast,180,155.71
2018-06-13,Southeast,173,157.71
2018-06-14,Southeast,151,156.86
2018-06-15,Southeast,135,156.43
2018-06-16,Southeast,113,156.29
2018-06-17,Southeast,121,154.29
2018-06-18,Southeast,170,149.00
2018-06-19,Southeast,164,146.71
2018-06-20,Southeast,147,143.00
2018-06-21,Southeast,167,145.29
2018-06-22,Southeast,124,143.71
2018-06-23,Southeast,105,142.57
2018-06-24,Southeast,143,145.71
2018-06-25,Southeast,171,145.86
2018-06-26,Southeast,166,146.14
2018-06-27,Southeast,136,144.57
2018-06-28,Southeast,169,144.86
2018-06-29,Southeast,117,143.86
2018-06-30,Southeast,87,141.29
2018-07-01,Southeast,118,137.71
2018-07-02,Southeast,139,133.14
2018-07-03,Southeast,144,130.00
2018-07-04,Southeast,188,137.43
2018-07-05,Southeast,139,133.14
2018-07-06,Southeast,94,129.86
2018-07-07,Southeast,66,126.86
2018-07-08,Southeast,76,120.86
2018-07-09,Southeast,97,114.86
2018-07-10,Southeast,85,106.43
2018-07-11,Southeast,73,90.00
2018-07-12,Southeast,66,79.57
2018-07-13,Southeast,81,77.71
2018-07-14,Southeast,85,80.43
2018-07-15,Southeast,91,82.57
2018-07-16,Southeast,144,89.29
2018-07-17,Southeast,145,97.86
2018-07-18,Southeast,210,117.43
2018-07-19,Southeast,182,134.00
2018-07-20,Southeast,169,146.57
2018-07-21,Southeast,132,153.29
2018-07-22,Southeast,157,162.71
2018-07-23,Southeast,191,169.43
2018-07-24,Southeast,182,174.71
2018-07-25,Southeast,188,171.57
2018-07-26,Southeast,166,169.29
2018-07-27,Southeast,120,162.29
2018-07-28,Southeast,114,159.71
2018-07-29,Southeast,133,156.29
2018-07-30,Southeast,215,159.71
2018-07-31,Southeast,239,167.86
2018-08-01,Southeast,220,172.43
2018-08-02,Southeast,198,177.00
2018-08-03,Southeast,218,191.00
2018-08-04,Southeast,180,200.43
2018-08-05,Southeast,199,209.86
2018-08-06,Southeast,261,216.43
2018-08-07,Southeast,263,219.86
2018-08-08,Southeast,215,219.14
2018-08-09,Southeast,205,220.14
2018-08-10,Southeast,163,212.29
2018-08-11,Southeast,126,204.57
2018-08-12,Southeast,135,195.43
2018-08-13,Southeast,209,188.00
2018-08-14,Southeast,225,182.57
2018-08-15,Southeast,207,181.43
2018-08-16,Southeast,227,184.57
2018-08-17,Southeast,180,187.00
2018-08-18,Southeast,147,190.00
2018-08-19,Southeast,164,194.14
2018-08-20,Southeast,206,193.71
2018-08-21,Southeast,188,188.43
2018-08-22,Southeast,153,180.71
2018-08-23,Southeast,122,165.71
2018-08-24,Southeast,90,152.86
2018-08-25,Southeast,64,141.00
2018-08-26,Southeast,68,127.29
2018-08-27,Southeast,62,106.71
2018-08-28,Southeast,37,85.14
2018-08-29,Southeast,10,64.71
2018-08-30,Southeast,0,47.29
2018-08-31,Southeast,0,34.43
