late_orders_rank,late_pct_rank,seller_region,seller_state,customer_region,customer_state,delivered_orders,late_orders,late_pct,avg_delivery_days,median_delivery_days,avg_days_late_when_late
1,43,Southeast,SP,Southeast,SP,30326,1424,4.70,7.9,7.0,7.8
2,7,Southeast,SP,Southeast,RJ,8079,1149,14.22,16.2,13.0,13.4
3,38,Southeast,SP,Southeast,MG,7353,393,5.34,12.3,11.0,7.7
4,9,Southeast,SP,Northeast,BA,2282,293,12.84,19.8,18.0,10.1
5,31,Southeast,SP,South,RS,3541,238,6.72,16.2,14.0,10.7
6,21,Southeast,SP,South,SC,2294,222,9.68,15.8,14.0,7.9
7,11,Southeast,SP,Southeast,ES,1450,179,12.34,15.8,14.0,10.0
8,44,Southeast,SP,South,PR,3064,138,4.50,12.8,11.0,8.8
9,8,Southeast,SP,Northeast,CE,951,133,13.99,21.3,18.0,13.9
10,12,South,PR,Southeast,RJ,965,117,12.12,17.2,14.0,14.8
11,18,Southeast,SP,Northeast,PE,1114,111,9.96,19.0,16.0,12.1
12,29,Southeast,SP,Center-West,GO,1397,104,7.44,16.0,14.0,11.0
13,27,Southeast,RJ,Southeast,SP,1311,103,7.86,11.7,9.0,10.3
14,3,Southeast,SP,Northeast,MA,479,94,19.62,22.0,20.0,10.1
14,26,Southeast,MG,Southeast,RJ,1133,94,8.30,14.1,11.0,12.9
15,32,Southeast,SP,Center-West,DF,1359,89,6.55,13.3,12.0,6.8
15,51,Southeast,MG,Southeast,SP,2535,89,3.51,10.8,9.0,10.6
16,54,South,PR,Southeast,SP,2910,88,3.02,11.1,9.0,9.9
17,13,Southeast,SP,North,PA,671,81,12.07,23.3,21.0,11.3
18,1,Southeast,SP,Northeast,AL,254,60,23.62,24.9,23.0,9.2
19,10,Southeast,SP,Center-West,MS,474,59,12.45,15.9,14.0,8.5
20,4,Southeast,SP,Northeast,PI,325,54,16.62,20.3,17.0,14.4
21,49,South,SC,Southeast,SP,1303,48,3.68,12.0,10.0,10.0
22,41,Southeast,RJ,Southeast,RJ,935,45,4.81,6.5,5.0,10.9
23,22,South,SC,Southeast,RJ,466,43,9.23,16.3,13.0,16.7
24,34,Southeast,SP,Center-West,MT,639,39,6.10,17.8,16.0,10.9
25,61,Southeast,MG,Southeast,MG,1497,37,2.47,8.7,7.0,10.1
26,20,Southeast,MG,Northeast,BA,361,35,9.70,18.4,15.0,21.5
27,5,Southeast,SP,Northeast,SE,205,34,16.59,21.2,18.0,15.9
27,16,Southeast,SP,Northeast,PB,332,34,10.24,20.6,19.0,9.5
28,17,Southeast,SP,Northeast,RN,326,33,10.12,20.5,18.0,14.4
28,35,Southeast,RJ,Southeast,MG,543,33,6.08,12.1,10.0,9.3
29,48,South,PR,Southeast,MG,812,32,3.94,13.9,12.0,12.6
30,2,Northeast,MA,Southeast,SP,118,25,21.19,16.3,14.0,8.2
31,47,South,PR,South,RS,582,24,4.12,13.3,12.0,9.5
32,6,South,PR,Northeast,BA,143,21,14.69,21.9,18.0,17.3
32,15,Southeast,SP,North,TO,195,21,10.77,17.8,16.0,7.1
32,37,South,PR,South,SC,381,21,5.51,13.3,12.0,10.0
33,58,South,PR,South,PR,700,19,2.71,8.1,7.0,4.4
34,23,Southeast,RJ,South,RS,196,17,8.67,15.7,14.0,8.6
34,25,Southeast,RJ,South,PR,202,17,8.42,12.8,11.0,9.1
34,30,South,RS,Southeast,RJ,242,17,7.02,14.0,11.0,11.8
35,33,Southeast,MG,South,SC,251,16,6.37,17.2,15.0,10.8
36,14,Southeast,RJ,Northeast,BA,131,15,11.45,17.1,14.0,14.1
36,52,South,SC,Southeast,MG,428,15,3.50,14.6,13.0,13.2
37,40,South,SC,South,RS,287,14,4.88,13.0,11.0,6.8
38,46,Southeast,MG,South,RS,278,12,4.32,17.1,15.0,11.4
39,19,Southeast,RJ,South,SC,112,11,9.82,15.1,12.0,13.0
39,45,South,SC,South,SC,252,11,4.37,8.6,7.0,8.1
40,24,South,PR,Southeast,ES,106,9,8.49,17.8,15.5,16.8
41,28,Southeast,MG,Northeast,PE,107,8,7.48,16.7,15.0,13.1
41,42,Southeast,MG,Southeast,ES,170,8,4.71,16.2,13.0,43.1
41,56,South,RS,South,RS,284,8,2.82,7.3,6.0,7.6
41,67,South,RS,Southeast,SP,656,8,1.22,10.1,8.0,28.9
42,39,South,RS,South,PR,136,7,5.15,10.4,8.0,10.0
42,60,South,SC,South,PR,282,7,2.48,11.1,10.0,8.0
42,62,Center-West,DF,Southeast,SP,301,7,2.33,10.8,9.0,9.6
43,36,Southeast,RJ,Center-West,GO,104,6,5.77,15.3,14.0,11.3
43,53,Southeast,MG,Center-West,DF,184,6,3.26,11.9,11.0,10.3
44,50,Northeast,BA,Southeast,SP,137,5,3.65,11.3,10.0,6.2
44,55,Southeast,SP,North,RO,168,5,2.98,19.3,18.0,4.2
45,57,South,PR,Center-West,DF,144,4,2.78,13.3,12.0,7.5
45,59,Southeast,MG,Center-West,GO,148,4,2.70,14.0,12.0,14.5
45,68,Southeast,MG,South,PR,359,4,1.11,12.7,12.0,8.3
46,65,South,RS,Southeast,MG,185,3,1.62,11.8,11.0,3.7
47,63,Southeast,RJ,Southeast,ES,100,2,2.00,12.5,11.0,6.5
47,64,Northeast,PE,Southeast,SP,103,2,1.94,11.9,10.0,13.5
47,66,Center-West,GO,Southeast,SP,125,2,1.60,10.8,10.0,13.0
48,69,Center-West,DF,Southeast,MG,101,1,0.99,9.2,8.0,1.0
49,70,South,RS,South,SC,117,0,0.00,9.3,8.0,
