category_en,rank_in_category,seller_id,delivered_orders,late_orders,seller_late_pct,category_late_pct,gap_pp,seller_low_review_pct
agro_industry_and_commerce,1,e59aa562b9f8076dd550fcddf0e73491,68,6,8.8,4.0,4.8,10.3
art,1,c31eff8334d6b3047ed34bebd4d62c36,103,11,10.7,6.3,4.4,20.6
audio,1,6560211a19b47992c3666cc44a7e94c0,30,5,16.7,12.0,4.7,23.3
audio,2,4869f7a5dfa277a7dca6462dcf3b52b2,56,9,16.1,12.0,4.1,19.6
audio,3,7d13fca15225358621be4086e1eb0964,46,7,15.2,12.0,3.2,19.6
auto,1,712e6ed8aa4aa1fa65dab41fed5737e4,77,16,20.8,7.4,13.4,35.5
auto,2,e96498ed8daaa3e9c23f7a62da76591c,34,5,14.7,7.4,7.3,20.6
auto,3,cee48807215b30a12ca2ca10ffb5f250,37,5,13.5,7.4,6.1,24.3
baby,1,ad781527c93d00d89a11eecd9dcad7c1,38,12,31.6,8.1,23.5,34.2
baby,2,05f51e13da97139648b8125c31e5f51b,55,8,14.5,8.1,6.5,14.5
baby,3,bbad7e518d7af88a0897397ffdca1979,42,6,14.3,8.1,6.2,43.9
bed_bath_table,1,54965bbe3e4f07ae045b90b0b8541f52,71,22,31.0,7.4,23.6,41.8
bed_bath_table,2,602044f2c16190c2c6e45eb35c2e21cb,46,8,17.4,7.4,10.0,37.8
bed_bath_table,3,8160255418d5aaa7dbdc9f4c64ebda44,372,52,14.0,7.4,6.6,16.8
books_general_interest,1,527801b552d0077ffd170872eb49683b,78,9,11.5,6.6,4.9,6.5
books_general_interest,2,f0b47fbbc6dee9aafe415a6e33051b3f,42,4,9.5,6.6,2.9,7.1
books_general_interest,3,1bb2bdb95f4841f1bba2c0d2cd83d3c9,35,3,8.6,6.6,1.9,5.9
books_technical,1,ba143b05f0110f0dc71ad71b4466ce92,72,9,12.5,8.5,4.0,8.3
books_technical,2,0ffa40d54288e4f3499b8780dd0f144f,30,3,10.0,8.5,1.5,10.0
christmas_supplies,1,d93919c944be9cff128f6c9cb899eacb,32,4,12.5,8.0,4.5,18.8
computers_accessories,1,ede0c03645598cdfc63ca8237acbe73d,37,11,29.7,6.4,23.3,27.8
computers_accessories,2,88460e8ebdecbfecb5f9601833981930,243,42,17.3,6.4,10.9,31.0
computers_accessories,3,ec8879960bd2221d5c32f8e12f7da711,35,6,17.1,6.4,10.8,11.8
consoles_games,1,66e0557ecc2b4dbea057e93f215f68d8,30,6,20.0,6.2,13.8,13.3
consoles_games,2,522620dcb18a6b31cd7bdf73665113a9,88,10,11.4,6.2,5.2,23.3
consoles_games,3,37515688008a7a40ac93e3b2e4ab203f,225,18,8.0,6.2,1.8,10.3
construction_tools_construction,1,0b35c634521043bf4b47e21547b99ab5,50,8,16.0,7.3,8.7,34.7
construction_tools_construction,2,59b22a78efb79a4797979612b885db36,39,5,12.8,7.3,5.5,12.8
construction_tools_construction,3,8648b1e89e9b349e32d3741b30ec737e,73,7,9.6,7.3,2.3,16.4
construction_tools_lights,1,955fee9216a65b617aa5c0531780ce60,39,3,7.7,6.7,1.0,10.3
construction_tools_safety,1,4a3ccda38b2129705f3fb522db62ca31,48,2,4.2,2.6,1.6,22.9
cool_stuff,1,aac29b1b99776be73c3049939652091d,51,7,13.7,5.9,7.8,9.8
cool_stuff,2,e9bc59e7b60fc3063eb2290deda4cced,45,5,11.1,5.9,5.2,20.0
cool_stuff,3,7ddcbb64b5bc1ef36ca8c151f6ec77df,162,17,10.5,5.9,4.6,15.7
costruction_tools_garden,1,f80edd2c5aaa505cc4b0a3b219abf4b8,39,4,10.3,5.4,4.8,12.8
costruction_tools_tools,1,c8467937e403e76a8ee9f0ab13f6f5ef,30,4,13.3,6.2,7.1,14.3
drinks,1,e9779976487b77c6d4ac45f75ec7afe9,164,9,5.5,5.4,0.1,7.3
electronics,1,6039e27294dc75811c0d8a39069f52c0,35,7,20.0,7.7,12.3,20.0
electronics,2,2e90cb1677d35cfe24eef47d441b7c87,80,13,16.3,7.7,8.5,17.5
electronics,3,70a12e78e608ac31179aea7f8422044b,31,4,12.9,7.7,5.2,20.0
fashion_bags_accessories,1,891071be6ba827b591264c90c2ae8a63,40,10,25.0,5.6,19.4,25.0
fashion_bags_accessories,2,e5a3438891c0bfdb9394643f95273d8e,142,27,19.0,5.6,13.4,21.8
fashion_bags_accessories,3,643214e62b870443ccbe55ab29a4dccf,63,6,9.5,5.6,3.9,4.8
fashion_shoes,1,048c2757535328e0d7dac690ad3c0aae,50,6,12.0,4.7,7.3,14.3
fashion_underwear_beach,1,a6fe7de3d16f6149ffe280349a8535a0,50,6,12.0,9.4,2.6,16.3
fixed_telephony,1,2138ccb85b11a4ec1e37afbd1c8eda1f,35,2,5.7,4.8,0.9,17.1
food,1,16090f2ca825584b5a147ab24aa30c86,110,12,10.9,7.2,3.7,14.7
food,2,d13e50eaa47b4cbe9eb81465865d8cfc,53,5,9.4,7.2,2.3,3.8
furniture_decor,1,002100f778ceb8431b7a1020ff7ab48f,50,9,18.0,7.2,10.8,14.0
furniture_decor,2,d20b021d3efdf267a402c402a48ea64b,79,13,16.5,7.2,9.3,21.8
furniture_decor,3,cac4c8e7b1ca6252d8f20b2fc1a2e4af,55,9,16.4,7.2,9.2,33.3
furniture_living_room,1,8b9d6eec4a7eb7d0f9d579ce0b38324d,46,7,15.2,7.5,7.7,17.4
furniture_living_room,2,1554a68530182680ad5c8b042c3ab563,88,7,8.0,7.5,0.4,10.3
garden_tools,1,23c38debaffe4a25a30fdbd9b586a13f,30,4,13.3,6.6,6.7,3.3
garden_tools,2,1f50f920176fa81dab994f9023523100,1365,121,8.9,6.6,2.3,14.0
garden_tools,3,f8db351d8c4c4c22c6835c19a46f01b0,39,3,7.7,6.6,1.1,12.8
health_beauty,1,beadbee30901a7f61d031b6b686095ad,55,13,23.6,7.6,16.0,21.8
health_beauty,2,06a2c3af7b3aee5d69171b0e14f0ee87,370,74,20.0,7.6,12.4,16.9
health_beauty,3,b17b679f4f5ce2e03ce6968c62648246,43,8,18.6,7.6,11.0,18.6
home_appliances,1,f8db351d8c4c4c22c6835c19a46f01b0,34,2,5.9,4.5,1.4,5.9
home_confort,1,4a3ca9315b744ce9f8e9374361493884,220,26,11.8,9.6,2.2,21.4
home_construction,1,8a130737016f838139d31878787a39c9,48,4,8.3,6.1,2.2,6.3
housewares,1,835f0f7810c76831d6c7d24c7a646d4d,34,9,26.5,5.4,21.1,23.5
housewares,2,0dd184061fb0eaa7ca37932c68ab91c5,53,8,15.1,5.4,9.7,13.5
housewares,3,729f06993dac8e860d4f02d7088ca48a,69,9,13.0,5.4,7.6,13.2
industry_commerce_and_business,1,0dd184061fb0eaa7ca37932c68ab91c5,89,9,10.1,7.2,2.9,13.5
luggage_accessories,1,f262cbc1c910c83959f849465454ddd3,34,6,17.6,4.3,13.4,21.2
luggage_accessories,2,7ddcbb64b5bc1ef36ca8c151f6ec77df,36,3,8.3,4.3,4.1,19.4
luggage_accessories,3,5dceca129747e92ff8ef7a997dc4f8ca,183,9,4.9,4.3,0.6,7.7
musical_instruments,1,ce248b21cb2adc36282ede306b7660e5,41,4,9.8,7.6,2.2,12.2
musical_instruments,2,7b0df942f46435babab05d49b744b2c4,31,3,9.7,7.6,2.1,6.7
office_furniture,1,5058e8c1e82653974541e83690655b4a,45,5,11.1,8.1,3.0,31.8
office_furniture,2,7c67e1448b00f6e969d365cea6b010ab,881,76,8.6,8.1,0.5,24.5
perfumery,1,11bfa66332777660bd0640ee84d47006,31,4,12.9,6.6,6.3,29.0
perfumery,2,f8db351d8c4c4c22c6835c19a46f01b0,40,5,12.5,6.6,5.9,10.0
perfumery,3,a888faf2d1baececa6baf9c3d603ee1f,53,5,9.4,6.6,2.8,15.1
pet_shop,1,070d165398b553f3b4b851c216b8a358,31,4,12.9,5.1,7.8,33.3
pet_shop,2,dd7ddc04e1b6c2c614352b383efe2d36,102,13,12.7,5.1,7.6,16.8
pet_shop,3,e067ad2c1c0b48758eb1b5228bcf7a68,54,4,7.4,5.1,2.3,11.1
sports_leisure,1,ef990a83bbea832f36ebe81376335aa8,39,9,23.1,6.6,16.5,28.2
sports_leisure,2,3fd1e727ba94cfe122d165e176ce7967,35,7,20.0,6.6,13.4,17.1
sports_leisure,3,cd68562d3f44870c08922d380acae552,42,8,19.0,6.6,12.4,19.0
stationery,1,b561927807645834b59ef0d16ba55a24,72,12,16.7,6.6,10.1,11.1
stationery,2,2c9e548be18521d1c43cde1c582c6de8,96,14,14.6,6.6,8.0,15.8
stationery,3,955fee9216a65b617aa5c0531780ce60,46,6,13.0,6.6,6.4,8.7
telephony,1,75d34ebb1bd0bd7dde40dd507b8169c3,52,6,11.5,7.1,4.4,19.2
telephony,2,6f892e20a171e98efe17fdb971ff319b,38,4,10.5,7.1,3.4,10.8
telephony,3,1b4c3a6f53068f0b6944d2d005c9fc89,32,3,9.4,7.1,2.2,6.5
toys,1,a49928bcdf77c55c6d6e05e09a9b4ca5,82,17,20.7,6.4,14.3,41.5
toys,2,4a3ca9315b744ce9f8e9374361493884,48,8,16.7,6.4,10.3,25.0
toys,3,adbc26658d6c7b4b6219f9d934598091,31,5,16.1,6.4,9.7,16.1
unknown,1,1ca7077d890b907f89be8c954a02686a,68,14,20.6,7.3,13.3,74.6
unknown,2,e5a3438891c0bfdb9394643f95273d8e,83,9,10.8,7.3,3.5,15.9
unknown,3,c826c40d7b19f62a09e2d7c5e7295ee2,342,26,7.6,7.3,0.3,14.1
watches_gifts,1,c60b801f2d52c7f7f91de00870882a75,30,6,20.0,7.5,12.5,33.3
watches_gifts,2,b1fc4f64df5a0e8b6913ab38803c57a9,107,13,12.1,7.5,4.7,21.0
watches_gifts,3,b33e7c55446eabf8fe1a42d037ac7d6d,125,15,12.0,7.5,4.5,11.2
