category_en,qualifying_sellers,sellers_above_avg,late_orders_from_above_avg,excess_late_orders,category_late_orders,share_of_category_late_pct
ALL CATEGORIES,624,257,3120,1006,6533,47.8
bed_bath_table,47,16,399,119,692,57.7
health_beauty,60,26,335,141,644,52.0
watches_gifts,22,9,275,83,405,67.9
furniture_decor,46,22,235,66,449,52.3
computers_accessories,49,20,217,91,415,52.3
sports_leisure,63,23,214,78,494,43.3
telephony,21,10,162,29,290,55.9
garden_tools,14,3,128,33,224,57.1
electronics,11,8,122,29,193,63.2
auto,22,9,104,27,278,37.4
housewares,50,17,96,37,307,31.3
baby,22,9,88,35,225,39.1
toys,30,12,85,34,240,35.4
office_furniture,4,2,81,6,101,80.2
perfumery,16,7,77,17,201,38.3
fashion_bags_accessories,15,5,65,32,102,63.7
unknown,4,3,49,13,101,48.5
cool_stuff,19,7,47,17,208,22.6
stationery,12,5,41,20,148,27.7
pet_shop,14,5,37,16,86,43.0
consoles_games,6,3,34,13,62,54.8
construction_tools_construction,5,4,26,9,53,49.1
home_confort,2,1,26,5,37,70.3
audio,4,3,21,5,41,51.2
luggage_accessories,7,3,18,7,43,41.9
food,3,2,17,5,31,54.8
books_general_interest,5,3,16,6,32,50.0
furniture_living_room,4,2,14,4,31,45.2
books_technical,3,2,12,3,21,57.1
art,1,1,11,5,12,91.7
industry_commerce_and_business,1,1,9,3,16,56.3
drinks,2,1,9,0,15,60.0
musical_instruments,6,2,7,2,46,15.2
agro_industry_and_commerce,1,1,6,3,7,85.7
fashion_underwear_beach,1,1,6,1,11,54.5
fashion_shoes,3,1,6,4,11,54.5
costruction_tools_garden,2,1,4,2,10,40.0
christmas_supplies,2,1,4,1,10,40.0
costruction_tools_tools,1,1,4,2,6,66.7
home_construction,3,1,4,1,29,13.8
construction_tools_lights,3,1,3,0,16,18.8
fixed_telephony,2,1,2,0,10,20.0
construction_tools_safety,1,1,2,1,4,50.0
home_appliances,3,1,2,0,33,6.1
air_conditioning,1,0,0,0,10,0.0
small_appliances,2,0,0,0,28,0.0
fashion_male_clothing,1,0,0,0,5,0.0
food_drink,2,0,0,0,8,0.0
kitchen_dining_laundry_garden_furniture,1,0,0,0,11,0.0
market_place,1,0,0,0,11,0.0
home_appliances_2,1,0,0,0,14,0.0
computers,1,0,0,0,10,0.0
dvds_blu_ray,1,0,0,0,4,0.0
tablets_printing_image,1,0,0,0,4,0.0
