order_id,order_status,items_total_brl,paid_total_brl,difference_brl,n_payments,max_installments
fc20b8e282da6f3fbcdd3a3cedecb723,unavailable,,3782.19,3782.19,1,10
03310aa823a66056268a3bab36e827fb,canceled,,3184.34,3184.34,1,1
7813842ae95e8c497fc0233232ae815a,canceled,,3184.34,3184.34,1,1
05c852fbe20c108caf9f479633cbe088,unavailable,,2345.03,2345.03,1,1
afb61112fb99b07fe17e591c68c0c84c,canceled,,2266.61,2266.61,1,1
2c990009034e1fc83904584b26b5fd25,unavailable,,2234.70,2234.70,1,1
b465e6231fb8411e534acc602cff4adb,unavailable,,2125.19,2125.19,1,10
36cde427894b4797db8316e92b8e58f2,unavailable,,2116.01,2116.01,1,9
2c885b285dce307562d7f4caae89c6dc,unavailable,,2039.44,2039.44,1,8
51375acfdef4d742df94640aa60d385b,unavailable,,1643.64,1643.64,1,10
9b95554e4a79777fcb0168932c4a9522,unavailable,,1641.51,1641.51,1,1
4b460251c3d2ba44dd61b0b6c3410ac6,unavailable,,1631.94,1631.94,2,9
12e5a909c18964acada1ce9a760d9afe,unavailable,,1620.77,1620.77,1,10
ac446e82125c862fbe4c638d69f807bb,unavailable,,1620.77,1620.77,1,1
3a0fbe8fbdae776394cd93385366a4fd,unavailable,,1528.99,1528.99,1,7
7ecb6c38b166531663fdecce49dc1a6f,unavailable,,1528.99,1528.99,1,10
31c6c41e2949f1a20c6f8e60ac17d4fe,unavailable,,1520.77,1520.77,1,10
b87fe28d8d70119601f63b7b131e7af0,unavailable,,1520.77,1520.77,1,10
fd4c3a2912e854eedd463b329540da4b,canceled,,1395.76,1395.76,1,1
e5882de2409ffb5a26782367e95b91ba,unavailable,,1384.73,1384.73,1,10
