seller_id,orders,gmv_brl,last_sale_date,days_silent
8581055ce74af1daba164fdbd55a40de,385,74137.92,2018-04-18,135
25c5c91f63607446a97b143d2d535d31,158,61679.33,2018-03-28,156
37be5a7c751166fbc5f8ccba4119e043,272,61433.88,2018-05-21,102
712e6ed8aa4aa1fa65dab41fed5737e4,79,46704.13,2018-05-18,105
59417c56835dd8e2e72f91f809cd4092,18,37657.77,2017-10-02,333
9c0e69c7bf2619675bbadf47b43f655a,156,36524.20,2018-05-29,94
5c243662ce92d84573bfaff24c3e3700,98,34637.66,2018-02-09,203
59fb871bf6f4522a87ba567b42dafecf,125,23628.51,2018-04-11,142
004c9cd9d87a3c30c522c48c4fc07416,158,23263.94,2018-05-03,120
b1b3948701c5c72445495bd161b83a4c,16,22691.15,2017-08-12,384
7aa4334be125fcdd2ba64b3180029f14,217,20603.33,2017-12-12,262
cd68562d3f44870c08922d380acae552,124,20564.14,2018-03-30,154
fa40cc5b934574b62717c68f3d678b6d,305,20444.35,2018-05-21,102
9de4643a8dbde634fe55621059d92273,72,19282.41,2018-02-21,191
a888faf2d1baececa6baf9c3d603ee1f,54,18887.32,2018-05-02,121
94144541854e298c2d976cb893b81343,68,18715.65,2018-02-06,206
75d34ebb1bd0bd7dde40dd507b8169c3,61,16341.68,2018-02-05,207
c847e075301870dd144a116762eaff9a,41,16341.48,2018-01-10,233
701938c450705b8ae65fc923b70f35c7,75,15792.12,2018-04-01,152
05f51e13da97139648b8125c31e5f51b,60,15788.30,2018-03-23,161
e2a1ac9bf33e5549a2a4f834e70df2f8,5,15200.56,2017-07-06,421
cf8ab1616079e2793aa29d524df01bb1,9,15150.37,2018-03-09,175
1ca7077d890b907f89be8c954a02686a,115,15001.43,2018-04-09,144
e8b3a3a38279a82f0e5d006d5e5b7d2c,87,14916.39,2018-03-05,179
e26901d5ab434ce92fd9b5c256820a4e,201,14851.17,2017-09-12,353
813348c996469b40f2e028d5429d3495,179,14800.43,2018-04-24,129
87b740daf17b5d1be335a64164ec6842,12,14781.64,2018-03-15,169
f08a5b9dd6767129688d001acafc21e5,11,14565.74,2018-01-16,227
a7f13822ceb966b076af67121f87b063,69,14389.60,2017-05-04,484
80e6699fe29150b372a0c8a1ebf7dcc8,97,14090.07,2018-05-13,110
8cc6a0e5738e61a87b03c78b2ba9db4b,24,13838.22,2017-04-28,490
99eaacc9e6046db1c82b163c5f84869f,64,13784.66,2018-02-18,194
e24fc9fcd865784fb25705606fe3dfe7,51,13720.62,2018-03-26,158
6cd68b3ed6d59aaa9fece558ad360c0a,149,13718.46,2018-04-23,130
5d378b73ab7dd6f0418d743e5dcb0bd1,7,13636.28,2017-11-14,290
8b8cfc8305aa441e4239358c9f6f2485,15,13110.70,2018-04-11,142
ccb83a794700270fde70898fe9ff368b,12,12785.73,2017-08-06,390
d71d863e5ef30d94e440c11be17dcd8f,29,12655.65,2018-05-19,104
66e0557ecc2b4dbea057e93f215f68d8,30,12628.42,2018-02-12,200
dd2bdf855a9172734fbc3744021ae9b9,104,12306.73,2018-01-03,240
82e0a475a88cc9595229d8029273f045,41,12216.40,2018-01-18,225
9d5a9018aee56acb367ba9c3f05d1d6a,67,11982.21,2018-03-21,163
01cf7e3d21494c41fb86034f2e714fa1,60,11649.02,2018-02-26,186
81a1104df0f08b59c68aa5b03cfe398e,73,11235.27,2018-04-16,137
e5a3438891c0bfdb9394643f95273d8e,223,11073.47,2018-04-11,142
0db783cfcd3b73998abc6e10e59a102f,130,10974.45,2018-04-07,146
06532f10282704ef4c69168b914b77be,8,10918.74,2017-08-18,378
054694fa03fe82cec4b7551487331d74,21,10703.75,2018-04-09,144
17306570e772e7718c92a562d33f5f1d,29,10600.63,2018-04-18,135
a49928bcdf77c55c6d6e05e09a9b4ca5,98,10574.25,2018-05-27,96
05feb94f19d094d4b0f9281f0b1d4c99,6,10050.04,2018-02-18,194
a00824eb9093d40e589b940ec45c4eb0,3,9779.46,2018-04-09,144
3078096983cf766a32a06257648502d1,57,9484.23,2018-05-09,114
af4a0e4cfe1d9c26b6712b1be25a72e5,21,9351.60,2018-03-15,169
fdb9095204a334cd8872252ffec6f2db,46,9289.37,2018-05-28,95
403aa86912527d730337ffcb0fb096ab,11,9164.51,2017-11-15,289
ad781527c93d00d89a11eecd9dcad7c1,43,9102.43,2018-05-16,107
784ba75dd9d20200c4caed3d7a77141a,20,8815.69,2018-01-24,219
062ce95fa2ad4dfaedfc79260130565f,55,8721.44,2017-09-10,355
1da366cade6d8276e7d8beea7af5d4bf,43,8673.73,2017-12-21,253
8a32e327fe2c1b3511609d81aaf9f042,129,8545.39,2018-02-23,189
6bd69102ab48df500790a8cecfc285c2,5,8359.02,2018-05-10,113
54065e9aef7e9e9c2dc23b7594db021a,13,7840.71,2018-03-05,179
376a891762bbdecbc02b4b6adec3fdda,57,7693.63,2018-05-02,121
63b464dbf392c7b80d12d932fa7cafed,37,7662.25,2018-01-28,215
83e197e95a1bbabc8c75e883ed016c47,46,7535.52,2018-02-27,185
3340ef1913fb70d28420f6ceb685c339,32,7481.55,2017-11-23,281
961dff0a659b4561334372337dd897d9,3,7389.74,2017-06-05,452
6f892e20a171e98efe17fdb971ff319b,44,7342.86,2017-12-17,257
4c03b9dd4c11ee2cb35c96c49efc9420,48,7302.33,2017-10-06,329
455c5640e8c5bd1b2ee85c0158f85727,8,7186.89,2018-05-14,109
91f848e9f4be368f4318775aac733370,63,7168.16,2017-08-01,395
86bb7c4b535e49a541baf3266b1c95b1,13,7127.26,2018-02-05,207
e3b4998c7a498169dc7bce44e6bb6277,3,7114.69,2017-02-12,565
bacb1f0ed56ad24198f5810d2b3fe9a5,39,7085.38,2018-01-17,226
abe021b01ba992245271b9aa422032df,2,6837.24,2017-05-09,479
eb3071b9f0b0ddaa2df5ea130f09f26b,9,6811.42,2018-05-16,107
bba74270a87732727b5a3b4fd9ac1c39,36,6760.44,2018-05-31,92
f12ff17ad8bbf01ec5c33b17e506649b,28,6728.88,2018-05-22,101
ee27a8f15b1dded4d213a468ba4eb391,1,6726.66,2017-05-24,464
94e93ce877be27a515118dbfd2c2be41,30,6542.72,2017-09-13,352
ff4ea69c2a729e83e63c7579e4ef8170,8,6527.82,2017-05-22,466
f4c4daa86e30c7e5a553a8d518ac03a5,19,6506.66,2017-11-27,277
0d85bbda9889ce1f7e63778d24f346eb,51,6469.70,2018-03-27,157
d6b664fa0667064c6d76394e7848d790,6,6404.34,2018-05-16,107
52ac6f920b7280e4c6d30dd94de6259b,6,6383.89,2018-05-23,100
fc906263ca5083d09dce42fe02247800,114,6383.28,2017-12-23,251
2fdde51ad3e12f297da656d4fbd5d0b5,9,6354.92,2017-10-16,319
04aa0a1c5ce6b222003403a3e11c3cc0,11,6339.51,2018-01-24,219
835f0f7810c76831d6c7d24c7a646d4d,43,6006.39,2018-02-13,199
e06f09ec0a4aca210779cf1cfc63cf19,29,5901.41,2017-12-19,255
d63c73efd41eb002280e7ec831424edb,2,5766.59,2018-05-29,94
f67efa3f0b6761102a7f8c6b7b571f5d,29,5700.55,2018-04-09,144
5bffbafbb22daf6d3bfc216a46db8708,21,5694.20,2017-06-25,432
3f0e48d209018b466fcd3bb4ccfeb520,9,5654.80,2018-01-21,222
e0878efa0e0b7e5313ac0b43bc04c081,27,5594.91,2018-03-05,179
a3f0b55de503387383c7b1de3ad7f678,24,5577.74,2018-05-21,102
a4b6b9b992b46e9ef863637af96e04bc,6,5502.84,2017-07-01,426
d66c305afaec317ebee552073a674429,40,5464.49,2017-05-19,469
a3dd39f583bc80bd8c5901c95878921e,34,5412.16,2018-04-10,143
45213867cefbf2cd4c6177e10216a951,14,5389.16,2017-10-11,324
d12c926d74ceff0a90a21184466ce161,77,5159.40,2018-05-13,110
5b179e9e8cc7ab6fd113a46ca584da81,30,5121.99,2017-09-13,352
37dd29b36c458d82f74a953c40c43645,7,5016.43,2018-05-28,95
e81e1f9c3e762e620f3fb60a51499e16,17,4979.49,2018-04-25,128
827f8f69dfa529c561901c4f2e0f332f,90,4961.54,2018-03-19,165
0307f7565ff85b299b6e5ef162b1b1a9,5,4941.03,2017-05-25,463
ec8879960bd2221d5c32f8e12f7da711,36,4881.38,2018-04-11,142
2addf05f476d0637864454e93ba673d5,12,4877.64,2018-03-18,166
f6122bc84774df1b372bdb3bb88ddb9f,3,4874.36,2018-03-19,165
55a5b51f93f2b70ea513f5a047b0262a,39,4849.38,2017-10-06,329
43f8c9950d11ecd03a0304a49e010da6,41,4807.22,2018-05-29,94
520b493b57809f446cb0a233bb3e25c7,63,4762.87,2017-12-19,255
180c3376aff0e43dd5788709df48a843,5,4722.97,2018-01-03,240
13fa2a6c6b9d0f43cb588d7c82117a12,9,4719.44,2017-09-27,338
c500367424994318b9e779ff1ae9a330,9,4658.39,2017-12-01,273
bf3c6d2a28b2b5501e6c15448982dcc9,35,4648.15,2018-05-09,114
f021c962aaba8ef6eb527a9c2c8394d1,5,4533.87,2017-08-06,390
f00e21b1e91a79653163b7fd8f293ff1,31,4471.06,2017-12-02,272
282c7480173bb9c01dd41cc739fec010,5,4466.31,2017-08-20,376
f4aba7c0bca51484c30ab7bdc34bcdd1,108,4424.08,2017-07-29,398
6bb0724edf0b62fb91ac404873a97241,17,4416.52,2018-04-01,152
1b8356dabde1d35e17cef975c3f82730,56,4413.61,2017-11-13,291
96804ea39d96eb908e7c3afdb671bb9e,38,4365.76,2018-04-27,126
2745f798279e0ed033addcc1474776d7,32,4364.99,2018-05-30,93
3c4e0452bff7a2a788179488d3d77032,32,4352.52,2018-03-23,161
b17b679f4f5ce2e03ce6968c62648246,46,4329.93,2018-05-14,109
8c3b533c63cca56240f94f1e3a6b18ef,5,4301.77,2017-08-06,390
38e679b9e0064cd94c6f035707344dae,26,4270.92,2018-01-30,213
a0415d9b25ede3c4b1e477e9916ffc03,10,4247.98,2018-01-09,234
c9a06ece156bb057372c68718ec8909b,10,4223.22,2017-02-28,549
bede56095ba33c42038fb85f707b8a42,2,4184.77,2017-12-17,257
21e83881401b92b49fb09a16d3852291,14,4182.53,2018-01-29,214
3bdff180c7e1f6551a643b99c265a120,59,4161.86,2018-04-17,136
df560393f3a51e74553ab94004ba5c87,27,4155.82,2018-03-10,174
dd533b429f380718b70ad9922c294bae,41,3970.98,2018-03-07,177
b1ac6ea7895bc3dd6f0f6f4abbdd2821,40,3964.33,2018-01-15,228
e8f6dc8e6a1dcde89d20e3995c8d90b3,31,3898.98,2017-11-30,274
1d0997ff06b524ce9289ffd75114ecd3,3,3873.57,2017-11-24,280
8ff38bc3969e67c36c48343a07090f66,2,3859.56,2017-09-29,336
aae3bfea055532c57fb453ed3ec80b30,48,3857.17,2018-05-15,108
3364a91ec4d56c98e44174de954b94f6,6,3853.85,2017-08-29,367
244c2f1bff6afe1f2eaf9bfe9b2aed38,23,3794.87,2018-02-06,206
432c37c9dfba871172ec162e20118b8c,45,3782.12,2018-04-12,141
a17f621c590ea0fab3d5d883e1630ec6,63,3772.27,2018-04-05,148
f2336e113377dd21c744d9c4fc8293a9,4,3762.08,2017-09-15,350
b1fecf4da1fa2689bccffa0121953643,17,3719.88,2017-05-27,461
52562a9f449c3dc3d53f5f5b9ed74903,14,3710.64,2018-04-14,139
cb3dd9ce66268c7a3ca7241ac70ab58c,49,3704.92,2018-04-23,130
cb5df0dcb9e280b1780e9d589889f2c7,16,3689.21,2017-06-14,443
cce6ab8d1682639fe45ab70234f1665f,62,3633.67,2017-11-28,276
c64a2aec32cc408a8a4c6d7c46017f91,9,3628.17,2018-02-14,198
6750d71153f00fc58829af2a8ef1bcf1,6,3626.50,2017-08-08,388
244b04680fdbded0acf5aebd9c92b44a,3,3616.51,2018-03-28,156
c394e193cda3b4225ff2094d32184849,3,3611.44,2018-05-20,103
585175ec331ea177fa47199e39a6170a,1,3602.47,2017-02-21,556
f593898ec748b7a8cb81fc04edafd98a,20,3541.12,2018-02-06,206
8d79c8a04e42d722a75097ce5cbcf2ef,27,3535.16,2018-03-15,169
bb7a14e229b1c95156719c3d9552eeee,11,3519.45,2018-04-20,133
fce62094ffe6a4009188ec44e681dfdd,4,3452.63,2018-03-01,183
a1474fd46fd3430168f7ec202da39408,12,3413.52,2017-10-22,313
49e7217cfe4e427191c378ec626d8737,13,3378.31,2018-05-27,96
38874e327ce94d11390b96eb42d61928,5,3375.21,2017-10-27,308
e99e927c81e3f51739c94fcdfca9f10f,22,3360.47,2018-03-23,161
5b35136197710e16ac5e7b7c2bd4ea85,7,3350.29,2018-03-31,153
3fd1e727ba94cfe122d165e176ce7967,36,3343.42,2018-04-04,149
51702dc2a3e106c76dbff722b5bf0726,13,3287.04,2018-04-29,124
df56d7b40d437f88407c5f78b63bc328,22,3251.50,2018-03-28,156
b335c59ab742f751a85db9c411a86739,30,3250.78,2017-12-12,262
d93844a9c55ba7ce353388bcf849ea56,12,3229.52,2018-04-29,124
4c8545742faaf58fafd5fd14d25d75cf,4,3216.31,2018-05-19,104
be9a160a9011f627c3e121d076c1ec7b,7,3182.52,2017-12-08,266
ede0c03645598cdfc63ca8237acbe73d,45,3175.10,2018-05-23,100
1987cd4be10fe09ee50454f9c354d1c6,14,3135.23,2018-03-02,182
d32e3909cfb714fb2a6cb092c85b9c5f,10,3078.90,2018-04-25,128
820cc752a266cdc6c1a1e61dd4583330,15,3078.77,2018-04-27,126
3504c0cb71d7fa48d967e0e4c94d59d9,53,3037.31,2017-11-06,298
5a93f3ab0ef4c84ed5e1b5dbf23978bc,39,3035.39,2018-03-03,181
dd58ee93286b0821565574c570e9e1dc,2,3023.31,2017-05-06,482
e908c0f3646e8b60375734a350d95d71,1,3009.53,2017-04-05,513
5abb8ea023c77787f2c15da891c8d384,13,2987.20,2017-12-02,272
f805b96fa705ba7995a221f1749dc141,7,2986.87,2018-03-14,170
fe26f3ecb51a15e6d8335cd92da42562,7,2971.55,2018-02-18,194
052577151711aec5c744fe12e66db3e1,4,2970.42,2017-12-20,254
655220df33262c7e0c4949a147366f94,13,2926.53,2018-05-14,109
c4f7fee5b0db50e87766f5a4d1b1b758,5,2914.72,2018-04-17,136
3a734b715d333a2588a3d54a0c9b8746,18,2859.16,2018-01-14,229
8a87611c08849ffeeccab52aa798b6c7,13,2855.12,2017-03-04,545
fdaaf5bfda82b7b80535610c831b8d09,10,2848.32,2018-05-06,117
8603f0038fe0e52fedd3382d266723de,10,2845.12,2018-01-24,219
5160d23075764e18e07c1f4a87fad743,33,2837.64,2017-12-05,269
458d868c9642f55f18f04e951a3fdde6,2,2822.75,2017-08-01,395
1444c08e64d55fb3c25f0f09c07ffcf2,1,2818.74,2018-04-28,125
62c50c1af4dfdc4149d25c5222043d39,12,2794.49,2017-09-21,344
0015a82c2db000af6aaaf3ae2ecb0532,3,2748.06,2017-10-18,317
0ffa40d54288e4f3499b8780dd0f144f,33,2746.47,2018-05-11,112
6df688df543f90e9b38f4319e75a9d88,40,2733.56,2017-11-22,282
4e8dacf3d38f281ae26c3e0321d92d88,9,2716.81,2017-06-05,452
78c99c6dff4eeae5be99bf635ed21e3f,31,2695.77,2017-08-18,378
fe49ee029e61e789a1f3a5525f57ba8d,16,2691.15,2018-03-19,165
a08692680c77d30a0b4280da5df01c5a,6,2660.91,2018-01-26,217
fa74b2f3287d296e9fbd2cc80f2d1cf1,11,2635.68,2017-12-26,248
3d39fbf22a665714baf62fae36029e23,8,2634.83,2017-11-25,279
4d600e08ecbe08258c79e536c5a42fee,5,2634.43,2017-03-15,534
76833248bbc0e65a0293ec62023e4396,2,2630.68,2017-11-17,287
b83cedfb587e7911540e3f576d6917ce,24,2568.75,2018-05-14,109
9bcdfa7b615b3abb9461d9e3ad9886ae,14,2523.79,2018-04-16,137
dc8798cbf453b7e0f98745e396cc5616,38,2518.43,2017-11-13,291
f1c1ac3f3efc07e659c035008e615e66,3,2509.68,2017-09-27,338
30c7f28fd3a5897b2c82d152bb760c17,7,2503.16,2017-11-28,276
1b1ae47a313a825a7ccceb8e2e30fa9d,11,2490.40,2018-05-07,116
4391ea5c5990502176a1dcda44a2373d,3,2484.30,2018-05-16,107
bf84056e679dbe9c69929847a40e338f,36,2477.32,2018-04-29,124
3e8bd881d92466e63ba9e3e809cd3c50,9,2450.25,2018-04-25,128
373ee4a3a775a733770ca3f790b8b9ac,13,2431.81,2018-05-08,115
f615fe7efbef0f4f08fd3086bc7a3e60,22,2431.08,2017-10-09,326
3481aa57cd91f9f9d3fa1fa12d9a3bf7,23,2394.16,2017-08-22,374
abbf6046bbdf1028606a5bc7f00c99e7,7,2393.14,2018-05-02,121
82bd0703a4aefd6b599e5bfdaed378fb,16,2386.90,2017-08-18,378
3a1a1fec38dd360f15fc912e821e169d,15,2378.63,2018-05-05,118
272f092de69afedd4d2969440b37f18f,25,2374.46,2017-10-15,320
e5f9e61ceb5f523cc966e0f34095032f,4,2353.44,2018-02-28,184
747e73c01a4593d4cf60dcf970fd2689,3,2341.76,2018-04-26,127
bf100ecb7997df312b285358fb32f92c,20,2337.01,2018-02-04,208
65b081a070633e057c462abdd6fb9dd8,19,2326.67,2018-05-07,116
4e5725ba188db8252977a4f0227bd462,22,2313.20,2018-05-25,98
f5f2ab9bdb6b30c14c61be68c5ed37da,16,2290.29,2017-12-04,270
f41ce2e25237f9092cd8e6e7516c7a2f,26,2290.00,2017-12-18,256
bc2ac6b95e1accce9858528ee566c17e,18,2279.56,2018-05-21,102
ffeee66ac5d5a62fe688b9d26f83f534,14,2259.55,2018-05-14,109
c8417879a15366a17c30af34c798c332,26,2255.44,2017-09-28,337
f63d8f293af3a6454377546bd9dd19ff,17,2246.95,2018-02-13,199
3ca08eeb8d5595949fed424bd3677742,14,2235.10,2018-01-08,235
9449f25aeaf531019b76999ea49a6949,10,2225.84,2018-04-18,135
198c7ea11960a9844b544d9bcdca860c,25,2225.38,2017-08-22,374
1782ce2db72c3dda627d5e7c898104e1,9,2218.17,2018-05-05,118
2f09f7d37a97956d11cc1a7cadd5262b,10,2215.80,2017-09-23,342
5b581417df4480f632484ba681e53944,11,2214.01,2018-01-29,214
5075aaa8404020ae6aa8bf4792099b41,12,2201.32,2018-01-13,230
731ef20c231d9a7103a425e83fd91271,2,2197.60,2017-10-28,307
1976a05ecf2996d6ffb7b5430e635fe7,8,2190.66,2017-09-12,353
15cd6eefe58588619aaed41dfa6621b1,16,2188.86,2018-05-12,111
822b63912576852aea9a8436d72317b7,5,2162.79,2017-01-24,584
1dfe5347016252a7884b694d4f10f5c4,21,2129.73,2018-04-08,145
91f5779a8731baca4809fdeade81803f,6,2117.09,2018-04-09,144
f5f1f2c5f923f36ad79ea1d07185ddc9,12,2115.83,2018-04-04,149
013900e863eace745d3ec7614cab5b1a,23,2089.37,2018-04-13,140
74bafed391319577bce6f4d2acc0589a,3,2084.73,2018-04-16,137
1b8b75e227c9a9c100d0c210fb6176ce,18,2055.90,2017-11-30,274
8ec76bb0965af3f007692b26fa9d6623,1,2028.75,2017-11-17,287
002100f778ceb8431b7a1020ff7ab48f,51,2028.16,2018-04-12,141
a70e9066dbfd10b6b97a3f54a1356762,2,2027.40,2017-11-20,284
656591be56071d4c9ef4e5fee78a578a,7,2021.20,2017-05-07,481
293dee954235e4e4e43f129313625ebe,8,2019.22,2018-01-16,227
392e0502231ae2f8b29994ef6398cd77,19,2010.07,2018-03-04,180
f1ed6bd0a9b11b581f16c851c6a5a527,17,1996.58,2018-05-19,104
7586919161935337bf6b6d7ff5779648,11,1994.93,2018-03-20,164
406740ee611378a662d274c7d8c43c4a,8,1972.08,2018-04-13,140
2a61c271b1ac763450d846849783e922,17,1969.04,2018-02-16,196
a4bd6e9adf39b63f43dc545d3ca1f53d,4,1960.97,2018-05-03,120
52f0fe436a347ddad7ed5f9aa4e27eaa,21,1960.90,2018-05-18,105
2ff6b7bff164ef05590a52734e1296da,7,1955.12,2018-05-11,112
d5b9a084373da994a6e37f732169a853,7,1945.29,2018-05-07,116
d354c38a7182125a748cb10474fe963b,18,1926.18,2018-03-16,168
718539d38d07dd351c76db862760e2e2,35,1907.61,2018-01-03,240
e64d65bc8dbec2accda90c58de5d1246,12,1899.96,2018-03-15,169
66fd84ee7528c0c0de85d0f44a73d5ab,11,1891.30,2017-07-28,399
659e8466eb3ff1b0e8740d74fb7bbedd,11,1880.00,2018-05-06,117
0887a9f087bcd5d9f6642b52f897fc6c,12,1862.35,2017-08-05,391
8b87cd0d43d49b9bdf40f56229364d59,5,1853.90,2017-12-04,270
3771c85bac139d2344864ede5d9341e3,26,1842.26,2017-12-12,262
41b86b552e54e3a7009596125aa8b167,10,1829.91,2017-04-09,509
bafc5aa11e413978be29040f51342e70,9,1829.47,2018-01-25,218
4bf658053d453036c70976bccb2c31b2,2,1824.56,2017-05-18,470
04e38a233f726ef161074ab1c9b0399a,23,1811.27,2018-05-05,118
081acf3de680d554796c9cf041be7bc2,4,1802.80,2018-05-23,100
01bcc9d254a0143f0ce9791b960b2a47,11,1798.87,2018-02-02,210
a23266650e7c84bb93fbbba502137478,11,1791.44,2017-12-29,245
d2e753bb80b7d4faa77483ed00edc8ca,14,1774.94,2018-05-18,105
5b97c06a046398e7005b2b7c0d707a92,4,1769.59,2017-07-27,400
78a4d36f65a019172c6154468831a69f,7,1768.90,2017-12-08,266
6b1c4d4d9ccf0be3d8544eb0e71e5318,1,1759.04,2018-03-21,163
83b08de96980757220871b31bf6cffca,5,1758.38,2018-05-07,116
7e26c750b4cb9f6766f58265ff9ebe95,23,1733.18,2017-10-13,322
4b1eaadf791bdbbad8c4a35b65236d52,6,1715.82,2017-03-18,531
f08c008c8a8d31417763738a1788a2a8,22,1714.69,2018-01-22,221
2e1a7d075abe038c1b2743005fe42ff1,18,1711.69,2018-05-16,107
b6e1504972665f739dec4facb9943775,14,1710.37,2018-03-26,158
3a490ba60afa30ece0e7d50cfe74a4f0,8,1695.07,2017-12-18,256
a414555ce331b8c8aea4a9cb8395194d,7,1693.59,2018-05-04,119
a1040efe9ff4a6f93c28b0499eada8f5,1,1693.31,2018-02-03,209
427165bf50f8ca07efc7bdc2bfcf1688,5,1692.90,2018-04-26,127
81336a0f57a33776419727a300249e90,16,1670.88,2018-04-22,131
4ba52dfeba874da5b9ee7b17c7494f04,11,1667.91,2017-10-23,312
542917da124346b47ea1ac79a93ce454,20,1667.08,2017-08-07,389
714b9a1332840f257b49f476bea4e341,6,1658.09,2018-03-24,160
9b522ba7eae9e1d04082f267144583cc,4,1655.65,2018-04-10,143
f5f46307a4d15880ca14fab4ad9dfc9b,9,1654.32,2017-11-29,275
e7f3bf1ecd8526eb7f3b18059e6716e5,17,1642.81,2017-09-19,346
1dd33b8119b3cb1056ed5dc88cd0aaf4,8,1641.74,2018-02-14,198
47648caee88ccfe951fbb27fbf7b4cbe,3,1632.99,2018-05-21,102
a5259c149128e82c9d6d46e0c1c812bb,8,1621.13,2018-03-09,175
0afccdb8a34ee5c79f7c06faf2b4d56e,25,1613.78,2018-04-07,146
9da1ca0bef29ee170e541927a5aeabdc,6,1612.03,2017-09-25,340
a7c88262832dfc683781d6a421edefae,5,1602.42,2018-02-12,200
1dcfa3835714681d4ba4a93bc1e0fd41,13,1602.10,2018-04-02,151
3f8034bfc6b8b4135534975d49f04c63,12,1594.51,2017-05-24,464
6426d21aca402a131fc0a5d0960a3c90,23,1593.82,2017-10-02,333
0aea4c6ae1505b3228ddf3dd7822ee5b,8,1579.66,2018-04-30,123
dace965ca58120f92f8d742a9fa1864b,8,1573.77,2018-05-19,104
25e47381a6c510ddeb36084e33b89f0c,16,1571.71,2017-06-29,428
b1aaae6b66ad3c40f54b389d7ea4bee0,15,1569.24,2017-05-24,464
0ad80de75c811326389cfb1daba7d45e,6,1564.72,2018-01-05,238
a13580f0e8f782b7a543885a0ef99f08,10,1563.68,2018-05-07,116
093805f8f2aeb63881444571e1f48f30,22,1559.73,2018-01-30,213
d7827b2af99326a03b0ed9c7a24db0d3,1,1556.70,2018-04-12,141
1284de4ae8aa26997e748c851557cf0e,3,1546.84,2017-10-18,317
89c127985a8b130cfa45c1d36764017a,7,1540.20,2018-02-11,201
01ed254b9ff8407dfb9d99ba1e17d923,5,1533.71,2017-11-08,296
8e2b3afb420011ef0c88c9d5f11ea526,11,1532.43,2018-01-29,214
2bd05d410a8fd26dc4184a15f4f2f588,6,1515.27,2017-10-21,314
17eea220a40cc0d2c0c5346379682398,4,1512.99,2017-10-26,309
c7b7db6c8f3c64a7cc1afa634db21d50,1,1511.86,2018-03-11,173
51ed72984a04e5dd35c2b27e77179038,7,1493.23,2018-04-21,132
c3ee2331a724e6fc02c4b698b57a73f3,2,1487.88,2017-12-02,272
5151aea44289d6c6b090ee31c2132508,7,1482.47,2017-02-20,557
0e982cff76cc0579f632cea8a0e38c9d,7,1480.31,2018-04-03,150
6b89abe95848c850399130d149a39b63,8,1465.73,2018-04-13,140
2d378dbb39815785238c0139c7647fb7,2,1454.44,2017-05-17,471
a478c7961d6a992065b24e63b366f90b,8,1451.56,2018-02-21,191
010543a62bd80aa422851e79a3bc7540,2,1447.95,2017-08-02,394
091065b789659bc3cd9af9cb3a6253ff,2,1444.37,2018-01-18,225
c273175f7c6c80fb02f051e2fc6d0d72,14,1443.45,2017-07-20,407
3faf68a3b0af94b10bac70d86077be49,7,1442.09,2017-05-02,486
6562efe88ce0826a4ca4f189f03b4b84,9,1436.21,2018-01-08,235
491a5ada3aa1678414e990262c4bbdc1,1,1435.58,2017-04-05,513
325f3178fb58e2a9778334621eecdbf9,36,1433.37,2018-01-29,214
4cf490a58259286ada5ba8525ba9e84a,8,1409.39,2017-11-23,281
67225bff54a172ff67579aaf583efd78,8,1393.11,2018-02-03,209
a36ac007a4d18f865c8d32c3b2402c2d,8,1390.96,2017-09-06,359
4324dd16853115efb0fd9d0d131ba6f4,12,1379.47,2018-03-06,178
fec8cd45395b3cb0c2b173d7739706a1,4,1376.94,2018-04-25,128
c88f62b4c386a59281014d677864d016,1,1350.50,2017-03-04,545
a066df7361163e7ddc5d7452dd17448b,15,1344.62,2018-05-12,111
3f2af2670e104d1bcb54022274daeac5,6,1334.18,2018-05-19,104
abc015ebac1d283a323ca9db35ede4b9,12,1329.65,2017-12-09,265
bb5d956dece964a06c12bceb66b923ae,2,1328.50,2018-02-19,193
f5fea3ffed6c2e889bab72705557c63a,3,1328.18,2017-04-18,500
45a3d05fb00435e52a28859dd03703b3,1,1323.79,2017-02-03,574
973f21788dfab357250f69a8dcb7ddee,9,1309.03,2018-05-14,109
c878515173c84a492ebe50d6b493230b,9,1308.04,2017-11-15,289
119d1aef1b4144adba89163f6cd9f5d4,4,1298.24,2017-11-17,287
4fb41dff7c50136976d1a5cf004a42e2,3,1296.77,2018-02-02,210
b5e3e38609125694d2ea2417522a60b7,16,1296.18,2017-09-19,346
10ff823eda2b032e2c93d17a7d294736,8,1292.86,2018-04-06,147
3dbbce181edfaa4a597ec858c382d2ec,17,1288.57,2017-12-11,263
5fd924b4836098a5be0ecf81ba054ce0,7,1284.34,2017-03-01,548
9bc484c87d79cd4874e05ca182658045,9,1269.87,2018-05-02,121
c8e135e7b21ecbc36c1153a29d2f5a06,7,1267.48,2017-05-28,460
327b89b872c14d1c0be7235ef4871685,3,1258.80,2017-03-15,534
8fdca8e349553f99bc738833a62c8802,21,1250.43,2017-08-09,387
7238f877570096ae403c51898fa64566,3,1249.52,2018-05-29,94
f235413f677777a0738ff215d0184901,2,1247.81,2017-01-23,585
226b05fe067266c59c15dae208213d06,10,1245.58,2018-04-12,141
a20d8058c866dbaeca014d2cd20ac62e,2,1238.90,2018-05-16,107
08d2d642cf72b622b14dde1d2f5eb2f5,17,1235.26,2017-12-06,268
71dc18fd8cbf5fd77f45dd8b427abb34,4,1229.40,2017-12-13,261
4b39558c138930b9e5489c93b6df5fe3,4,1229.10,2018-01-14,229
1d2732ef8321502ee8488e8bed1ab8cd,4,1228.18,2018-05-03,120
1710c3aaa9c6b44ec3883ee0fe300e21,2,1226.55,2018-05-02,121
5011f0d93373a4c5753adf58ca77af8d,11,1223.19,2018-05-14,109
3c3017960b2dbd72711a61f0400aab8f,10,1222.89,2017-04-05,513
4200ddf1967c5e41e48db62bc6d4b5ac,22,1222.73,2018-04-18,135
3d4b1ae7539303b5704493798893e82c,6,1221.69,2018-02-28,184
b2eecf5ea250510da76590ca79d60e5d,9,1213.15,2017-11-11,293
ea6b12bf9ffe2bac34602ec631d97a47,9,1202.19,2017-05-30,458
10089e9f2fd0c668a8fd4e52e1698888,3,1199.31,2017-11-14,290
c03121937e54a93fcc1825c3098bbb6e,7,1197.94,2018-05-03,120
48328ec9a579151d9cc6a86d4a59336c,1,1196.78,2017-09-19,346
9485a23c0430ba1d58d359391606fce6,5,1195.15,2017-12-28,246
365e445f796710c3431557e85caa25db,4,1194.30,2017-06-16,441
8f2b51a30523cdecddc2f179f351c7d6,7,1176.23,2017-07-01,426
e21a1e8be4715b0fcfd5385643bc49c4,21,1175.89,2018-02-22,190
39f776d2974049026ff531fc42ef2a3e,3,1174.41,2018-04-25,128
db46ca7bce82b11f7e247539271fc390,16,1149.86,2017-07-05,422
05a940b4ecae36cadfd8e93bd9c43257,10,1148.94,2018-02-19,193
04fdea0c111866e6cf812f1570d6b5bd,9,1147.04,2018-01-31,212
1bc2e21de46adfea6b98cc96b00f3b40,3,1142.55,2017-05-16,472
633ecdf879b94b5337cca303328e4a25,6,1125.49,2017-09-22,343
d1582f4043306e6b91afa6a8a884f898,9,1121.92,2018-02-12,200
ddd51ae8cda92f3995a51fc0f0f3eec7,8,1119.62,2018-01-16,227
9198786624eaeb375793215cad26cfa6,9,1118.37,2018-04-23,130
bfd938b22bc99bce1ae60dc602889f52,6,1118.26,2017-04-15,503
d9442042130b7fe579d1295f9f4a248f,19,1111.04,2017-09-11,354
41c9d3997dd3c072c31139dc5bb5761f,3,1110.54,2017-03-05,544
557f22c76691849db52d2abccf0015d0,12,1108.54,2017-09-12,353
f0e103c63864d5405b958d984b6e94c9,11,1101.41,2017-08-26,370
91543f9849d68d023e17194926598543,4,1100.57,2018-02-22,190
7a9c12e235c36247c3c81f50d6ea9cea,5,1099.59,2017-05-04,484
17adeba047385fb0c67d8e90b4296d21,1,1097.31,2017-03-08,541
b7d5b4b87af9d42b601865d3f3810bff,2,1090.02,2017-11-07,297
ef9952469137ff190bacafe117f51537,5,1086.60,2017-05-30,458
8e670472e453ba34a379331513d6aab1,1,1083.96,2017-09-06,359
77dcbb67ccb3659bd58eaf5661560a30,2,1082.56,2017-02-14,563
3d621842b2ed28e2b474132480edac3c,10,1080.70,2017-11-30,274
cb4a705d00e100b9732d0ca34817d441,1,1080.56,2017-11-24,280
79a679c36c08d606b3fd47ead9de109b,3,1072.22,2018-05-03,120
6b9b80d53ba3676eafe60268a810b5a1,10,1055.66,2017-08-28,368
c1ed9e3daf6154542826a6996af0fb8c,8,1050.07,2018-03-02,182
b45d7ebfb7378630f1bcd74b6ff86ff7,4,1047.00,2017-10-15,320
9e9b539eb2806acee3f5c28085c1db9f,3,1039.47,2017-12-07,267
48985c61529077fa4f1e38bcff0f2ed3,7,1027.37,2017-08-01,395
a99504ac23ed125aaf5302af6cc30af9,1,1025.24,2017-10-14,321
0ff83046c3fa22efee8ecf291888b191,10,1023.38,2018-04-01,152
3f9c56764fabca627406093dcb3ef0b4,7,1014.95,2018-04-24,129
528bcf6680c36dddf07620bd35b33a6f,2,1013.84,2017-10-17,318
134a288e7de827ec5ec62e3ec9c3a295,9,1004.00,2017-09-17,348
f783a638e9c6af4a7d0dbfde811e7a81,5,1002.90,2018-04-03,150
c6a7539d424a8402232c2228d7a03c5e,10,1001.32,2018-05-22,101
d101c6da914ae3d53f7bee42283f2fe2,9,994.96,2017-05-30,458
160e4f13fd3a64b1b86807be88b5ffb0,4,980.45,2018-02-13,199
ca77545ca4d2dfd1431bf61334e2fa3c,6,973.71,2018-04-24,129
8d46553a36e68f95350a200c12f8f2e2,13,969.60,2018-03-15,169
562f8cfc51f265411f487d07e9c40e7f,13,966.25,2018-05-07,116
40536e7ca18e1bce252828e5876466cc,2,963.00,2017-09-01,364
ffff564a4f9085cd26170f4732393726,14,949.58,2017-04-03,515
6d22a1fcebb6dd08c9cd90b92a93e8d0,12,946.43,2018-01-26,217
2dd1fb6f0e42a2243b8a01e40cd41216,4,942.73,2017-04-22,496
a247197e2e9c19a6a53a6888cb8b660f,2,941.07,2017-12-23,251
725af026f869236a8dd0ceb98564d156,5,936.67,2018-06-01,91
2b03ac196f5ed62ac483960fe0fa3b65,7,935.19,2018-05-02,121
6e864f5c4669eff3d98140a07cc50202,13,932.36,2018-05-30,93
eba88037e1dca898cd02881f67ced679,6,931.57,2018-03-10,174
e1c76f339ebd5460999f25a2aa8c92c5,1,928.70,2018-05-12,111
5962468f885ea01a1b6a97a218797b0a,8,928.04,2017-12-25,249
11eac105f3f90a9b87b19c89d91e24f3,5,927.83,2017-07-12,415
32e5635e63cb374eb63afdd242fb6134,1,927.82,2017-08-15,381
75a4764c108403a7a0575140cb22287c,5,927.05,2018-04-10,143
14ee35374a7876217954b5fa08e50463,6,923.05,2018-01-17,226
134b867a0f7f8bbe6abf10f91874891e,1,922.84,2018-04-19,134
515d781150feed28a6ac091bb0e3cb8c,5,916.75,2017-05-11,477
638cba8be1fb599bbb76fd6948351eb3,17,913.87,2017-09-28,337
1099a00e0ee3a50935e6c2447ca090c5,3,910.83,2018-01-02,241
700f03c207639c22d933381ff60b35c2,3,910.63,2017-11-29,275
4c61e37f664c3c88aff092aa5ac779d7,7,908.17,2018-04-17,136
c00396cbdd2e088fe4281baa5920aef1,1,905.85,2018-04-04,149
28ea411b354f14b1a494be4e79f0ce02,6,896.93,2018-01-30,213
ef30892870c278497523264be1be2241,9,892.54,2018-01-31,212
817f85dbb65aa3e70831d90fe75cdf89,5,892.47,2017-03-15,534
0d4c8269e7f0401201794deef160edd6,3,892.03,2017-11-07,297
5acd070dd3fe441bbb2ec1f1ede515ee,7,886.37,2018-02-25,187
400f221ab83037c0ea78f1267da9624d,1,885.80,2017-10-11,324
5f06030071324cc52bf0304014ac7234,4,884.31,2017-08-26,370
7a91bf945c6fae0779f1c61ce97fe45c,5,882.07,2017-11-20,284
f435898e493ba0356019a0b1cb8b55b1,10,880.68,2018-05-25,98
80f2cf9abf6b5a0e5c612b5eea6646e6,6,879.92,2018-05-15,108
f19516b9ff26bfeb091b30108db4ddbd,5,869.44,2017-11-14,290
c6218512d16fcac0af02fe92691cf274,8,868.64,2017-06-02,455
458c6fa920810ce2492da71bc26d9eec,2,862.37,2017-12-21,253
fe1bbc5feda5c8979a8a1b3b2512d5a6,9,862.25,2017-07-14,413
bc503e244f187939d10c92a5c8e378ce,7,859.80,2018-02-26,186
52956b80ae65fda598f06f6b9943e7a9,3,858.85,2018-05-31,92
6b15924333bd1a741595fe981ea04822,21,854.46,2017-07-05,422
ac6417315ae5da8f9a38ee11de6f7780,7,851.12,2018-03-27,157
be8e909810184b9b19e886129149d8e5,15,846.08,2018-05-13,110
8bd0e3abda539b9479c4b44a691be1ec,7,845.34,2018-01-06,237
da03c298e3999e9d828591fc2179d109,4,842.48,2018-02-28,184
6524b847b982cd56bb5d4b02b776ee42,1,834.94,2018-02-14,198
ba6b68b55fe8704377a7d43c8e5c0185,5,832.22,2017-06-03,454
de09d00cfc265b8804c7df34075a68fa,3,827.97,2018-05-07,116
a56e351445e5863fc8960640ba9190c7,3,825.98,2018-04-27,126
13f57c12a00ed4610db646b913a7f5c6,7,821.15,2018-05-04,119
0d83f8e03188682112cc0d93523705cc,4,820.57,2018-01-22,221
2063dd1b9f568df1c16741ea7d3e6adb,3,820.27,2017-11-15,289
9535a841eecebed61a9fb1ac1cbb5597,2,818.33,2017-02-10,567
191d55f7edb8524d525ed01b20fe32e8,3,812.80,2018-01-18,225
38102b031c2a15e54623d711bfc753d3,9,809.41,2018-02-14,198
38e6dada03429a47197d5d584d793b41,7,803.05,2017-10-29,306
8759e7aedd644f487315e5860962f162,3,793.34,2017-12-27,247
2059c39f76271d4ca3f15b5ffaccc8b8,12,791.29,2017-09-07,358
1d29dfba02015238dfbe2449a5eaa361,12,789.92,2018-05-10,113
ed859002ad59dbf8cf3602696a6c3000,2,789.49,2017-01-23,585
e4ebd3f87bf70440014f07ddda7fbe03,7,787.26,2018-03-05,179
8c91bfea4263b8fba54081460693e2a1,2,785.75,2017-02-20,557
71271995e85f5b8530be99ed54a91b89,7,784.85,2018-05-23,100
0b36063d5818f81ccb94b54adfaebbf5,1,783.00,2017-01-30,578
48fb026ed7455a42f5d3e9390ed5088e,11,779.14,2017-12-04,270
d94ba08b99bedd6a5f6c875ecc4a6fac,9,778.27,2017-07-27,400
c447f8dd3ed213f291d65ef074a268eb,7,777.23,2017-06-19,438
89dda63a3c907c468ec88c310ed91213,2,777.13,2018-04-11,142
525e75a6fb1454a2325ab1734bcec221,10,777.07,2017-10-02,333
b0398568231ba5e6734af1881671a317,4,770.12,2018-04-10,143
f3295428338a40977a03f555246a70f4,7,769.38,2018-02-05,207
61c36f0fc4a47f9532e5512b66668e62,1,767.69,2018-03-30,154
07d75e33f2750d97d467fb57e4dfdd8a,2,759.59,2018-05-07,116
ac51cac5e20d69ff485a54746488ef48,3,758.70,2018-01-29,214
acf974e4d5950ad143a247471b831eb9,5,753.62,2017-10-30,305
0570350b23eda5444f8d1d9544932058,6,751.76,2018-05-22,101
6e0908ef4d4efadbc3cc2b74ea477cb0,8,750.28,2017-09-01,364
b6dc74ed30f124f95227bed4e43a3bed,11,747.59,2017-12-05,269
916748bc99315c2d202898ae58b1617e,25,746.51,2017-11-25,279
95b293867b5862941c9cd74f756a3c68,9,746.22,2018-02-22,190
26bad72add1f86e08a776ce4ffdaf1ca,7,745.92,2018-05-21,102
270d3ef21830ad0ecf3a6c53d08a533a,6,743.67,2018-04-28,125
3ef37b7ca6dd2b80bd8af81a62504996,2,740.97,2017-09-01,364
4e6015589b781adaa5ce7f1892d06bb1,3,740.50,2018-01-24,219
11938fcc75f6902fea1d0a6f72b54a57,2,737.14,2018-05-27,96
ab3e0c171fe84a7ba7de130f19cfb485,6,736.33,2018-04-05,148
328acb143b4a73aad6bee8e734f5d20d,2,734.75,2017-02-10,567
8a207b6080964f3c1fc9d35bd6096ba4,2,730.04,2017-11-03,301
b12cfd255810394b60caef18ae163547,2,726.15,2017-11-24,280
2f74af7a0ee5636f12c2336f9fffed47,13,724.47,2017-11-20,284
c157bdeedcbc9a8e3c8bf0d87ff24428,7,722.97,2017-08-20,376
5d043cd5512d4bd2f88e5ccdd5736c38,1,714.91,2017-03-11,538
768de2a4fc06aacecb9a586ccc30746a,14,713.53,2018-05-18,105
a513150f33f99a06569e9cd5c4bb889b,2,711.25,2017-12-01,273
cb9fb4ca75d7ba8437480e8dde64fe98,10,705.56,2017-10-11,324
340636a908b13bbe0f4fb63fbe1d0c03,4,702.99,2018-05-06,117
3f9be91358837bff69df67edfa3e42e8,7,702.06,2018-05-12,111
c84592044b180dec206770c38603814b,14,700.97,2018-05-12,111
5882f40daf39bc2a465e0cb453ddc222,1,698.90,2017-10-13,322
6650fcccd8cd2f7e55ffa524f30c4c59,3,695.70,2017-11-08,296
b26741d31a563d769b4af0465ab20c56,2,695.03,2018-03-26,158
c458e2045a8aa8964f8879af03fdcce6,4,691.70,2017-05-05,483
3be5841cdcc46de4ed3f9116f104b2c5,4,687.95,2017-02-12,565
6179a28a13a726c29b3bf54c070dccab,2,686.24,2017-08-29,367
53336f97ddbe53e2a617d07b17447b95,1,674.83,2017-10-04,331
83353a83fd769dfafa4f21a72b15e3e5,5,674.33,2017-12-17,257
eddd1991bd6d9309995a480c39b95137,2,672.55,2017-11-06,298
685b870da5b52a710782c9c0fefbeb5b,2,670.98,2018-03-01,183
6dc9bec584588412a6a338830946a3e4,2,667.83,2017-02-17,560
bf961104a38e01b9062ee026bb657dee,4,665.46,2017-02-09,568
63ffcb71394dd8ea3872ed9ffda17c74,17,663.72,2017-07-30,397
e4fc40017a6d22c46a14ac2e17f87c3e,3,662.05,2017-08-01,395
4170f6a9367e6b5d6401d03ce6d54569,4,661.81,2017-12-20,254
b5bb2b985208834bd5bd86c7a402bbad,2,659.72,2018-04-21,132
ad8ada0ffa993cb1197d102d9ab21a3e,1,656.16,2018-03-13,171
4e326052e5dbba8adcd512f3450a307e,3,655.96,2018-02-25,187
791cfcfe22fe4a771ece27f90017da92,2,653.75,2017-09-25,340
d4e4b5192cba4e0e66eb12a9d347239d,12,652.09,2017-11-06,298
3ea00e1dea2b0659dbaf654735929220,7,649.97,2018-03-14,170
a35ef466c6fd6d052f5d241240d3c5e2,3,649.55,2017-09-30,335
48efc9d94a9834137efd9ea76b065a38,32,646.38,2017-01-26,582
1588ac4010787100dddef64568f0ae35,3,645.97,2018-01-18,225
44f091b5abab8018f682fce8124b85e5,4,645.14,2017-11-13,291
1fe61aa5494bd3ae92a2c13e067c810f,1,638.58,2017-11-27,277
1f7fd2a6fcd5a6fa5d8a4dabc72aaae0,3,632.68,2018-05-07,116
9599519be538b98748162a2b48248960,1,630.06,2018-04-08,145
c42fd8e4d47dfb18ce5222f2dd7752f9,7,628.63,2017-05-21,467
385799a1cddbd26dfeb9157356a42282,4,626.72,2017-09-09,356
b3f19518fcec265b2e97af287725f981,9,624.48,2017-08-26,370
32fdd5d44ecb43dfd6a24b9369eca144,8,617.88,2017-05-15,473
a2fa0bdc798ee84cdb08281337cf4fb6,10,611.02,2018-03-16,168
f524ad65d7e0f1daab730ef2d2e86196,1,609.50,2018-01-29,214
e1b12447a7563944843191754aeb5562,9,599.13,2018-01-05,238
20a7efa9721046319bdde5d60b6b5365,3,596.59,2018-02-08,204
7bcd7c5f8631701474db233ccf1c094b,9,593.82,2017-08-27,369
64b87978a11c1ea7501a89eabe8c2c1a,7,591.83,2017-02-09,568
b7cc6c5e001441ae8cdd5c69a480cbe4,5,590.05,2017-11-24,280
35fb511489d9ee3ee27a76debce9df06,7,586.79,2018-04-09,144
2009a095de2a2a41626f6c6d7722678d,8,582.43,2017-10-29,306
e59e489e2ea74bd409b798b5daf49de3,3,581.76,2018-05-01,122
7e79d65b5c6f1f544b7daea036acf720,4,579.89,2017-10-24,311
820c7c9eaf76d2b226b6c242bcf3f34d,1,577.00,2017-01-30,578
2493dc3f20131696a0ecdb9948051a8d,4,575.07,2017-02-07,570
35857757f553273b1056c1cabdace7fb,6,573.34,2018-03-28,156
b9c0ffa92f3ff9a5a3d45ef7213c0842,3,572.17,2017-12-14,260
979e9f8b5b39dd243a2550c8b05aecf0,3,571.88,2018-04-04,149
4cc4fd4fdd406a85bbdc1f824b731bd7,1,571.22,2018-02-26,186
2b2fed75b8e5ea3a052fc4c0825da485,3,570.83,2017-07-29,398
ff314fa6033cc68ec451c47aee2d6ba4,2,570.34,2017-05-19,469
28fb0829fd777877cdc350d25cb5bd5b,4,569.26,2018-01-09,234
79ee721b6f766066a80264402548d359,2,568.36,2017-02-13,564
59cd88080b93f3c18508673122d26169,10,567.71,2017-12-09,265
b080809eaacb49e5ca07290981472431,11,567.40,2018-05-15,108
0c7f30ae9b147eca07affbef92832a6a,5,567.11,2017-04-17,501
c286ec035ee04ba81c97508f0b5df544,2,565.90,2017-09-20,345
5e49e3a44bdeb5aab2684258bbd4f525,3,559.77,2018-03-15,169
f1198c871e0171278b63f40d112caeec,2,558.07,2017-11-10,294
038b75b729c8a9a04b0d07cba7eabe86,2,557.85,2018-04-22,131
48e954b2da4f6a750c844173b347ed40,2,556.81,2018-05-07,116
4049512728d969bec69f84088b012416,7,550.27,2018-01-31,212
8fec2e460530482132c436cfb5439925,3,548.61,2018-02-22,190
fcba71d4d5db057f43249145e4eb1e27,3,548.27,2018-02-26,186
ed9eef5be0992d413d251fadba1a410d,3,547.34,2017-03-17,532
7e959205cebc10adefcb331f934238a4,2,546.55,2017-02-25,552
a5bff0f43eb51f0cad7c37fac7244c8a,4,541.27,2017-09-27,338
2c3d56f92f360fb89d849b84e8f50eae,7,536.86,2018-03-23,161
117cfc326c6d50da67ca858ff5c0c852,5,536.08,2018-05-19,104
eebb3372362aa9a46975164bed19a7e7,6,532.80,2017-05-23,465
0249d282d911d23cb8b869ab49c99f53,11,531.88,2018-03-22,162
feb793c88d836c3a75efa4b5a3465d70,1,530.17,2018-03-23,161
83a75eea11694e36e56dd0cb2240229a,3,529.47,2018-04-18,135
dff87e4de60c9736ce8df835951b09bc,1,527.33,2017-11-12,292
968ee78631915a63fef426d6733d7422,2,521.67,2017-11-27,277
c0e6839516f5398edc34adf5f1d53d1a,3,520.84,2017-08-12,384
35ef5aa32949680f627efec3c23e705c,4,518.41,2017-07-11,416
3985a3c45be355a4c57fde108bfabd1c,7,516.20,2017-06-19,438
29fe9f200d3fa0c668d2aa1ec7e08dfb,5,514.16,2017-09-03,362
c3251e13f1bbda6c74e37c160f991e19,2,513.08,2017-05-26,462
70c4eedec9cb4a85cda2f3f9673557b4,2,512.55,2017-08-21,375
7816cd9c5b1238e320545f5bf7eb80e8,1,511.76,2018-05-24,99
cc80e2f693fa6e2408f47ccf62413fc1,2,508.63,2017-12-01,273
9dd59e43f0c9f0553244e8f9c2fb247e,10,508.12,2018-01-23,220
cb0b3bcf14e0a709df412a99424a59d7,2,507.43,2018-04-16,137
79565f7d5603b24ddf07ade262547f2f,8,494.07,2017-05-24,464
c714262700f93defc16bf17a51a4cb23,4,491.33,2018-05-15,108
c24173065483e421f9e5e7f599de101d,9,491.21,2017-11-24,280
a35124e2d763d7ca3fbe3b97d143200f,4,490.39,2017-05-08,480
92d14edfb62ee5ae7fdff70b0f4e7233,8,487.65,2018-04-04,149
f650a9708fa1bab22bdd8d3a818cc415,4,487.48,2017-02-25,552
dd88d13bea9e4c2bf47daf224f8141e5,1,487.38,2018-04-10,143
54aa8463e87776b5612f4bdc4bd5d4de,6,486.28,2017-02-21,556
ae8bfdbf1c2a2a2dee92d799db0a31c6,8,486.14,2017-05-15,473
0a82f5fb06a4fe4ac2cf7cb412ec71b8,2,484.80,2018-03-31,153
55c96925041a14097b6a7825554f4ad5,6,483.37,2018-01-15,228
bc30de0d71bd6260b936a026b5cf7200,3,482.85,2018-04-26,127
0f0c984a4a955310903b6b6008660bad,4,481.38,2018-05-27,96
042573af89b6d931f672efaf789d8358,3,478.57,2018-02-11,201
6d7f8d9d594e28796b6b3205b00f459c,3,477.01,2017-07-14,413
6d2f2e3b539480db1e0842b3a4e32e6e,3,474.26,2017-06-22,435
b56828a9f9027f3c918c04ca720d9e3c,3,471.61,2018-05-02,121
fc4751cfe3b279c419615b9b00c1abb4,1,471.05,2017-02-16,561
9853a239ab7b7ebbdc3a21248d5b8e1f,5,471.01,2017-11-28,276
5e106d93b717c2682b9383da480364a1,1,467.61,2017-04-20,498
4dbd95a08b31ede5c82d3f861cb1ce1a,4,463.92,2017-11-13,291
1acde099eb406aa220b1169b188b42da,9,458.50,2017-11-06,298
d2f3e277560ed4c6361284429b00f037,7,454.66,2017-10-08,327
94d76e96eedd976258cd3278ce56d5f2,1,454.17,2018-05-09,114
4e42581f08e8cfc7c090f930bac4552a,3,453.80,2017-12-07,267
78ef7e885d17f35e2382a47aae8b8cce,3,453.44,2017-07-28,399
27a56ff04b34c2ba34ce6ba4d3b9d616,8,452.27,2017-10-13,322
0747d5bb69f0586cc869d8af4c50f93e,12,452.12,2017-06-25,432
c13ef0cfbe42f190780f621ce81f2234,1,451.28,2018-01-18,225
62760d278921b5f352461620d68a9cee,3,450.10,2017-02-15,562
e627629ba868740e287800f1a9be81c2,11,446.66,2017-07-13,414
fe4cd9461203cee790d36792420b310f,3,445.53,2017-09-06,359
89bc797e2e29667aa035d4368f9b7f92,13,445.47,2017-04-10,508
73da1880b39c71de2b262bc7720c1494,2,444.99,2018-01-09,234
d5c530f4884a75ae0dba9c148718d278,6,444.93,2017-11-28,276
6ee85be3693ed79a8e80718743d80655,8,443.92,2017-05-19,469
e603cf3fec55f8697c9059638d6c8eb5,7,442.99,2017-04-03,515
fa14641f57b655e933124a9ea49cd7a5,7,442.99,2018-02-05,207
615005a3ef192c00c6f0e977cee3d2bc,10,442.14,2017-12-23,251
5563732abe64c3036cb97ad924128dd1,2,441.60,2017-12-20,254
a37c340b91cb0169e8b029db6440fba2,5,439.95,2017-09-14,351
b98b715fe9e276204e2a3464f48cd796,4,439.53,2018-04-16,137
c8660dcf9ba70575f45d80fe28c27713,4,438.99,2017-03-20,529
933446e9a59dece7ae9175103820ca8f,2,438.85,2017-02-22,555
0bfd0b434243adc5c2e1aa6baf19c6aa,6,436.99,2018-02-03,209
12a8eb0f8d1cd3270695bf2a99f55966,2,436.67,2017-12-13,261
085f6f7e049c996695fb2074fe38d45e,6,435.96,2018-05-02,121
9d39404483343dd55c7ae254494d8388,10,434.28,2018-04-24,129
15ead3a5037a918ddb520dfe39a3d2b9,7,433.95,2018-04-24,129
62d977e2b2aee830de3e039a28490d12,2,432.12,2018-01-05,238
52092ddbd3a58c450a4459bf051b2287,6,427.05,2018-03-27,157
a5dd1946fb63ada8bcaa0c9cd8f11e22,6,426.33,2018-03-11,173
1967a9e2ad6f51802b093147d861df58,2,425.76,2017-03-15,534
2f4b0d3b9634b647d4edee577d7ebb7e,10,422.31,2018-03-10,174
cbbd5ae8f53de5f5097cd8217b529e24,2,422.25,2017-02-12,565
b127efdabeffb5d559349c7b172eb75d,10,421.27,2017-05-17,471
b88e7c57cb2d8b973b7dd4a2bfa14b36,4,419.67,2017-12-01,273
ceb7b4fb9401cd378de7886317ad1b47,1,416.45,2017-08-25,371
8936ba0de1073ee888cb3185ae5dc661,1,412.21,2017-04-05,513
24c1de8d9551c0b4fbc53317d53efda8,1,412.12,2017-02-01,576
de66a66f2dd06bb9ec37aa96987466a3,6,411.92,2017-02-04,573
f18112da765e0971ca5d510dec322bdd,2,410.75,2018-01-02,241
76de363de16dacc923eec8daf91df504,2,410.42,2018-03-21,163
2e0dba2da448400b1c11d7b4b22f32a4,7,407.70,2017-05-21,467
a435b009cd956ea60748b5cfbddf2e24,3,406.39,2017-07-26,401
09883d9ab71c8fe8a9bfc7fc3075b07e,5,406.17,2017-11-24,280
a806a4bb063ea7ca6d374eafa50a6058,5,405.27,2018-02-12,200
152ee17e4c8aaf53dac99f3462e4999b,6,404.93,2017-10-14,321
c113b8df1fc375bc3d73d29c1b1144d1,3,400.87,2017-08-02,394
69a43819c758c65a5befb0b471c954d7,2,400.76,2017-09-16,349
38af8acfd46ac4a7bf754e8ca6736664,5,397.94,2018-02-14,198
a0e19590a0923cdd0614ea9427713ced,2,397.42,2017-06-25,432
101921376b577a4540dc30e9009133ca,1,394.49,2017-05-19,469
da20530872245d6cd9d2f5725613c430,2,394.22,2017-10-26,309
e88c9b79e592e370d6bd852eeefbf057,8,393.98,2017-07-13,414
5c603ffb38cbbf25a0e0698941324143,2,393.61,2017-01-25,583
ad87df7699e83b8a91822a4a0b765c3a,5,389.28,2017-06-25,432
918717417d88a9f9ae9735567e6c7682,4,389.22,2018-02-27,185
52bb00821bcdd358a5a5a27e1f6be5a1,2,388.43,2018-04-11,142
a9415cf907dfa12f9ed18693244f5329,1,385.42,2018-01-19,224
48bad451945f5227341793478d6353ea,3,384.49,2017-12-26,248
65a7c0788e4d632ccb5e1b594b87f0bb,3,384.12,2017-12-22,252
6da1992f915d77be95d7fa48b36904af,7,383.66,2017-08-03,393
c79151301b9d90985d1fa52879213105,3,383.44,2017-12-04,270
6c1b6d0c604b776f844125f911eb7377,4,383.21,2017-02-24,553
d7b2377bae6ace1b11fc69a11900ac36,4,381.56,2017-11-29,275
a2e85714b56b1cb6bb24a9a6e6cad36f,2,380.44,2017-10-30,305
aded58c8142dedc5494a81f948431fab,4,379.48,2018-04-23,130
2d22fc3089eb907b29ebff50581fb472,3,377.39,2018-04-29,124
3d01d1c414c44b5943a09619ff3853cb,4,376.82,2017-07-12,415
debe6615cd90cc0c2eac2b8988e1f628,5,374.03,2017-03-20,529
9b00cad94ef3078faf6fba2e792c158f,1,373.82,2017-12-20,254
e83e93b71371817b11d78a63ff156aee,2,373.38,2017-04-09,509
2f4b9d112bfa44a214bc6cef085d17c8,4,372.08,2017-04-16,502
c76d418370990614e89e956c7a7567d9,2,369.77,2017-09-12,353
6d1b9c9579132c87d2703ec38c30f2c5,4,367.39,2017-07-01,426
3a3e46d10f74d8a6ca76e2b538f106a0,2,366.57,2018-05-25,98
7957cac1a02f45d0a4a7e45626382ec2,1,364.64,2017-09-08,357
5ca5d579b5857ee8709479b1047cecc3,2,363.88,2018-03-22,162
2b402d5dc42554061f8ea98d1916f148,1,363.79,2018-04-28,125
4b98b0428fc1932cc2514ef9ce2505e6,2,363.43,2017-11-16,288
f8d5c7085db9a4ad2b8c1ffbeb2798c8,6,363.41,2018-02-05,207
2c538755f1ca9540af144f266e70df6c,1,359.91,2018-05-12,111
9c3c24eca51c52b91c1de727d2a2ae06,5,359.52,2018-05-21,102
ea3ebea5317b0efbc663ecc8ce5e9bc2,3,357.35,2018-05-20,103
7fe21dd00d2f4943ae09525efa2fd674,4,356.96,2017-08-06,390
6f1a1263039c76e68f40a8e536b1da6a,4,356.84,2018-01-15,228
b76a1f8356322f12529c37b67d5c96c2,5,354.89,2018-02-19,193
a81466620e46a6970b22ef40379fdfc9,2,354.78,2017-10-13,322
adbe70ab2c97442046d393988c8d1d27,5,354.65,2017-10-12,323
d65f31d2413268e671989503f6cf9993,1,353.51,2017-02-07,570
0ec28cec4046a4a199b6de9b4c891d97,3,352.64,2018-05-17,106
4e0d109ccfba9a1151c103049880c857,2,347.73,2018-05-31,92
eb9267cccc90f1b49c8d2f9887c7dd97,1,346.27,2018-05-06,117
c990d6cf976a5718aaedc539f383ab88,10,341.99,2018-01-20,223
d36b07fd3c5088e477a72d1fccfe29d4,1,339.86,2017-05-06,482
94c49f20a123aeb9360dbf80ff912bf6,3,339.29,2017-06-05,452
19a7c9f66ffa6452ff4b4c0cca71da27,1,338.74,2017-09-30,335
4f40d2ed38d1cc945364a7cd202a82c7,1,336.89,2017-11-25,279
c0f783394e37cd9c9d7f5f81141450fa,6,336.75,2017-12-13,261
e83c76265fc54bf41eac728805e4da77,8,336.49,2017-05-08,480
3b18f9856c6eb2413eafedb58e9eecd9,1,335.09,2018-04-11,142
3dc69bf2c42f0568a5c4791ec3fd3745,2,334.43,2018-02-16,196
baa49d93c8c8841e27400a300f5d74b2,6,334.42,2017-06-05,452
5733d806668f8712c24b9abaefbfa642,2,329.68,2018-04-26,127
58e4b302b54937e55a678c4d15111da4,3,328.85,2017-06-26,431
bdb3edbaee43a761e2d4f258dc08f348,5,328.36,2017-12-18,256
48b6c3f4c6a93171da04b75313f2130f,2,328.06,2018-04-25,128
0761743cbffb25d7148189e9f1a5f03a,3,327.40,2018-02-02,210
ede2977fbaf3738583170735ca403f6c,1,327.25,2018-02-25,187
9b1ab052f5fca308ba743ac789ebb2e1,2,326.08,2017-05-07,481
ebd1417732defaf66c50b5a800eb293e,1,325.33,2017-03-28,521
25debeafbce801fdd479539350185eee,5,324.97,2018-04-24,129
2ee0a0689f2f6a72f35a7cb6033f6e7e,4,324.84,2017-11-26,278
aa762680c40618316a896838866140ea,3,323.46,2018-05-11,112
184a67a8f9f63234d3a92340bbdb727f,6,321.83,2017-11-08,296
252e76235acb79183cfca6e34f13337d,3,321.77,2018-06-01,91
800214c63934acd05d47e84214db8ba8,4,321.34,2017-05-15,473
d73cbd89533ce8b041a9190241453ac8,3,319.29,2017-07-12,415
9539213aa8e023c01937bef95dc006da,9,319.04,2018-03-11,173
422be4cc81a457fdb46f47edeb968ae5,1,317.37,2017-01-26,582
485452467ff670447e84a8370c3fc898,3,315.44,2018-03-01,183
f00f5b35d0abcacbdd863672f4bb2c1a,1,313.43,2017-05-27,461
5721089ba9214e80074f27d5a03fc0eb,5,312.57,2018-01-30,213
b2bdc5e7940a7d7ca8c4a37953b27a42,1,312.49,2017-10-30,305
a9ae440659f48b7849df83e82734150b,1,312.02,2017-10-13,322
72146da5774cabf2632faedcae097a76,4,311.43,2018-05-10,113
13d95f0f6f73943d4ceffad0fc2cd32c,1,309.32,2018-03-13,171
3c88ed2e76a2247933a15daa7161eb1c,1,306.20,2018-02-01,211
d2572f31e9023e9850ef986a636ff9bf,1,305.69,2017-03-25,524
aadfe0417e61315688b6bd7043361e25,1,304.18,2017-08-03,393
f682e0f848abafc6f41e0d4e868c66ef,2,304.00,2018-05-18,105
fb8904a8ea99f8831b64ce27db2c1765,2,302.36,2017-11-24,280
ebef8d8c92b4fd3226e5d407bbff21ac,3,302.06,2017-03-13,536
f419677537694f0462a91990df6ca44f,6,299.28,2018-03-14,170
f9bbdd976532d50b7816d285a22bd01e,2,298.37,2017-09-14,351
f7df46c1e0ec44eed5c6726478da4a17,2,298.11,2017-07-05,422
d1e2fe627180431ffda076abb303c56f,1,298.05,2018-03-23,161
9a208dee8f95cfdf00760c4d627828ec,1,295.99,2017-02-16,561
534a01cc6df1e034e05c32028a291fa2,5,295.45,2017-10-23,312
1e483cc5c76fef08d3ca05f9a8af7d01,10,295.07,2017-05-18,470
024b564ae893ce8e9bfa02c10a401ece,1,293.20,2017-02-12,565
1e47defeeadeca0e9a18fa5a9311e735,3,291.62,2017-07-19,408
bab0a8cd684e41ba6e2637dca0979d3b,1,289.04,2017-08-22,374
8ccf3cf69651cc1d8a02c8bfaf3b8568,2,288.63,2017-05-11,477
88ae906ea2acf6971f26c3e8b7cb4357,3,288.01,2018-05-11,112
e88f7a2995ba184710d339c5c4bf2e30,2,287.51,2018-04-26,127
57fe6232e67823593374a2281d7a8af8,8,284.04,2017-12-01,273
483ca627d131e18f988349b1655c0acd,1,283.73,2018-03-27,157
ae45ad30c2d2e5913094769690a239d2,1,283.06,2017-12-08,266
b57e8460909fa137df7951b4a3b5ea84,1,282.14,2017-03-02,547
984c273121e743dd14767befe6cb17f5,1,280.91,2017-11-25,279
4ea2f12dbe91deeacd2c1e74f069a6e6,4,280.27,2018-04-08,145
23ca5f678e0b3ea6c630b30fa8bf51ea,6,279.39,2017-05-04,484
5d505d2298ad549e4e4e835562fa0c1e,2,278.14,2017-04-01,517
954e95f20808d7e5d11f0de292d078e0,3,277.96,2017-11-26,278
3fadb4cba4c35bce6a7eaf9872d5623a,3,277.52,2017-05-31,457
75745ef7bc7d4f3ea3380f6f5303f514,3,277.32,2017-04-07,511
e64882b4ef12aee8d0faca4db5b681f4,1,273.22,2018-01-12,231
d9cb0052a666de5308b32f32ad5f1b1c,3,270.49,2018-05-15,108
578460d8319c51dab351cd9db95eadfe,1,270.45,2017-08-21,375
e5d4b2b0c3bca22085f7a19a28de0c42,4,269.56,2017-11-26,278
4e2627090e6e5b9fabba883a37897683,2,267.62,2018-02-26,186
cb32766839f443db85c82a43c4a6c19e,2,265.51,2017-02-26,551
f8e2c1b59cd4225a3e4fd0d013a76b93,2,264.43,2017-12-31,243
2a50b7ee5aebecc6fd0ff9784a4747d6,1,264.24,2017-11-27,277
efb628aa07c8ca93d7db0d85b91a4f5a,1,262.10,2017-11-17,287
fec6912baad85d41729669edd6b4d3b8,1,261.97,2018-04-13,140
4ce8b55b4bfa4659184e7becc1fba3f2,2,258.87,2018-04-29,124
81ed90f07c0bacb7594940ba2ef676aa,2,257.46,2017-11-11,293
d1a5cc844736958c11b8efab9a2b4c87,1,254.01,2017-10-23,312
3bfad056cf05c00dabe2f895925d83b1,1,253.35,2017-12-18,256
8d92f3ea807b89465643c219455e7369,3,252.77,2017-02-26,551
1746c1ae87ac63d530c7c943d0ac42e2,1,252.35,2017-12-12,262
740205fedfe4e90ca6857bc77db0f2b4,1,251.83,2017-02-17,560
ad8b531ae67582f096925cff5630d0d1,2,251.49,2017-11-24,280
b05b432bf68945d4d9783f9e3ca29ee8,2,250.89,2017-09-12,353
72431a818f97fe6ab9c81eee3e297e54,1,249.39,2018-04-13,140
a663d9c3797e90eac99ff60939416a56,1,249.08,2018-05-16,107
74c7dec0a384d8a05950e629bd23bde9,5,248.88,2017-10-01,334
809413606dbfe5deefd2db646693ef67,3,247.05,2018-05-06,117
643c01d7c56a724bec0454f4780e8a3e,2,246.65,2018-05-15,108
3442f8959a84dea7ee197c632cb2df15,3,246.60,2017-08-30,366
bcc9dd23e2a8bd8267cf92b19304a1b9,3,246.22,2018-02-21,191
edf3fabebcc20f7463cc9c53da932ea8,1,244.02,2018-05-22,101
7e3dde9ffba72d5340f9aaf09b4424be,1,242.03,2017-08-29,367
90b57083da5d803237da74daec6dcb2b,2,241.21,2018-04-16,137
762ed976527cddf02787edba70fffa2a,3,240.12,2017-12-12,262
0f7eea709efdf942b5f95c7516dbacd7,3,240.06,2018-05-13,110
586a871d4f1221763fddb6ceefdeb95e,1,239.48,2017-01-26,582
7d948535954aaf8c5d39db007f74372e,4,237.80,2018-04-08,145
b5f49fe968dff6b112861e6cd8e192ef,1,237.67,2018-01-18,225
89d9a386b0b6e5fc8403071b03f7206a,2,235.25,2018-02-12,200
3d700782d7818f2c1e0d7a9e9d75fc00,3,235.11,2017-07-11,416
3d290fe363c60a77498c1126fd3fb8d3,3,234.04,2017-06-03,454
dd8a29ce82d5c705ba932d81494600a5,2,233.25,2017-09-01,364
ccada0ef508e698917a6eab263375905,3,231.96,2017-10-05,330
478bfe564db21eeb44386606aa30b650,3,230.80,2017-12-27,247
cd52a8efd71af3336b14b5039b951cc1,3,230.54,2017-11-25,279
fc6295add6f51a0936407ead70c1001d,1,230.52,2017-11-06,298
d8dd176509baa37f359644d082bf7f7b,2,229.90,2017-11-25,279
2cb4700db635baa1c0d4f90ed27b6669,2,228.72,2017-03-18,531
3fe7120d6257285ac6a3ce7cb071ccec,2,228.26,2018-01-10,233
23ff42c4bf1f8f16cddb19d8b972974a,2,227.67,2017-11-17,287
f35becee938e982bd615edf8ef12bcfb,6,226.81,2017-08-02,394
3fefda3299e6dfaea3466ef346a3571a,1,225.21,2017-08-11,385
c747d5b92c7648417faea95d36d763e8,1,224.75,2017-11-24,280
8ca5b19e0263150d2c57afdde2b3d011,3,224.68,2017-11-23,281
f5403d3f50089112c4eed37928b7f622,2,223.20,2017-02-25,552
747c1cdcd1737dcfbd1547f6eb6f2cf3,2,222.37,2018-01-27,216
52f6f9f13ba19504c02781132a049e75,1,222.13,2017-03-25,524
e9874ae10b2d60d43917b6bbfa13a599,1,222.10,2018-04-18,135
b7e1750c1157341d2abd0251e07c186b,3,220.56,2017-04-20,498
19e0f40a907ec568c34bfac15de4f4a1,4,219.62,2017-10-17,318
5db42a6cd9bf1bf0d3aab9582767f168,1,219.33,2018-05-05,118
3289d8c3eef4873f91ce0b1343c0dd58,1,219.27,2018-05-25,98
dda37071807e404c5bb2a1590c66326f,1,219.27,2018-04-24,129
9cea4682e16655f7da87f406902e989e,4,219.23,2018-02-02,210
f26d70155c2b6326fcfa1780c8c684e4,1,219.06,2017-06-26,431
ca7c6bd577e559472af1c699de9e764e,6,218.82,2018-04-04,149
a3b0df0065e264a91b7bbf5f844af5cd,2,218.75,2017-09-23,342
dbc51f5e45d654ecc16cb68e6817ecea,1,218.13,2017-02-24,553
63b9ae557efed31d1f7687917d248a8d,4,217.79,2017-02-13,564
3a79f35a2344ede41af21267f61d5ec6,1,217.71,2017-11-16,288
e1bed63d68ac36fe1f3061befe196af5,1,217.00,2017-01-30,578
f307937c1bb287c3efc2a514b94b0d1d,1,216.60,2017-06-03,454
63272377184e969942f7fff221be858d,2,216.23,2017-05-18,470
bdf0d02d36a1d839d0c39c4a887cdd49,5,215.95,2018-02-04,208
c04d70d515d15a7e3db3a73320598566,3,214.82,2017-11-13,291
4450bd8327d471c4a11a83d1445b1b62,1,214.56,2017-04-11,507
1352e06ae67b410cdae0b2a22361167b,2,214.10,2017-04-07,511
5659d77e8d90378e39b960ad5956f64e,2,213.13,2018-03-24,160
78ba5933c21686d1c2f64669c8c459e7,2,212.57,2017-05-16,472
c353f8fc0ce8344999f17d578eb69a5e,2,212.57,2017-02-06,571
4a82c4af97ffc0fb2dc26bfdc03b1842,3,210.90,2017-08-15,381
fedf2c1386e137f296b3bbf3b635e69d,2,210.90,2018-05-23,100
45c20d94d9171b0bcfab3c955e47d67b,4,210.57,2017-08-30,366
22c32ec35d0116ef02c281798a25bf8b,4,210.01,2018-02-22,190
119c7f1a00ef43fad0e57604e76a747c,2,206.82,2018-02-27,185
d9c349beabc06aa6ff1c6d68b5e9e22e,1,205.65,2018-04-30,123
43a1d4bab73b816e44ef4e4facd9f9b5,1,205.40,2017-02-20,557
2235cf78d3e2073a88146a9cb60f0dd0,1,204.76,2017-11-30,274
83d7070a0b9a8b4625fa8682b819fabb,1,204.59,2018-03-23,161
aae5953b9edddf14749c0d65d60eb4b9,2,202.90,2017-10-18,317
bb3dca718920a4d7ec3cc9ffb025108b,2,201.70,2017-02-15,562
0ade5cc4a305ed7093a23f68ca47519c,2,201.27,2018-01-21,222
51a04a8a6bdcb23deccc82b0b80742cf,1,199.92,2017-11-14,290
c7c7b2682c648339a0e9846bb1023a39,2,199.68,2017-12-13,261
e1643dff33666ca629e3644c02738179,3,199.31,2018-05-28,95
880ce4951cf857ab1d9e0b75c1d856f4,1,197.72,2018-02-13,199
6cf476a4ca74498db55cbccdaa9dcfb6,4,197.14,2017-04-09,509
5f0057b677eb963672bf05dfa3f16c34,3,196.86,2017-02-19,558
d2df77822373f19934e87694d8640767,2,196.40,2018-04-26,127
15ac3c501e2599e4917316fde5c5669a,1,195.81,2017-02-26,551
9c57bc60cfad5ee62d35d3f1ce4593a1,1,195.43,2017-04-26,492
56f413900b5166ab4d730e9ac0b12cb0,3,194.24,2017-07-12,415
533d46c1b06970e99f09523a61df4972,2,192.62,2018-02-04,208
2a7c6c0b0d5efde2bf75ec1e1cec2d41,3,192.04,2017-12-11,263
6902157ee16728322d61a1321fa79e58,2,191.43,2017-10-07,328
a9b533a26e898b12e8b8d4c07279bf4d,4,191.06,2017-12-08,266
dd9661d3cda1e6feb237f0c4d8b26f2e,1,190.98,2017-10-12,323
a154d7316f158bb42e6fa18bbe3afd3a,2,190.13,2017-03-10,539
5566627eab3fe93fd6ee08798226101a,5,187.81,2018-01-22,221
98e164d549402270247f3c96a1a158ef,2,187.42,2017-08-18,378
578fa3a9cb6b6dceab39231ad59cdaca,3,187.20,2018-04-30,123
c8143b3069f6746a77421b5ce30a450c,1,185.88,2017-07-02,425
7178e1eaa97257d8b6d4b80efd77a025,1,184.71,2017-09-05,360
2ec6e37d992a95eaddb3369dcbcc76d9,2,183.94,2017-10-06,329
5bc237df65098fe211bb4818f4d26d78,2,183.89,2017-09-15,350
ff82e8873fba613f2261a9acc896fd84,4,183.53,2018-02-16,196
695051e2981c8b19e77cafe450d5bdf3,1,182.45,2017-12-08,266
8e4f041ff58e7845456d3482524014b3,2,182.39,2018-03-03,181
8cb7c5ddf41f4d506eba76e9a4702a25,2,182.37,2018-04-20,133
aa2640d851ec322526f1295bbeb20092,1,182.34,2018-05-06,117
08061dc0fc165ed41288cc7acde738ee,4,182.22,2017-11-14,290
e3e290b38963293022cdcd6db8328103,3,182.04,2017-12-03,271
6601ee6383e7f452be71929f8de48bbb,2,181.94,2017-11-08,296
f1ce5fdecd64935c28b9ff932751d0dc,2,180.53,2017-06-29,428
ace601496e211a664100321f038f50af,1,179.92,2017-02-15,562
5444b12c82f21c923f2639ebc722c1ea,1,179.46,2017-04-25,493
432c67955c0acd1fd6b0b5d678766a71,1,179.35,2017-02-01,576
e09887ca8c7bf8a4621ce481820414ef,3,178.66,2017-11-25,279
fc38b5dceee1a730fad8853453437fbd,5,178.01,2017-12-15,259
f266295f49a28eee21f413e0cbb0521d,2,177.94,2017-11-09,295
96f7c797de9ca20efbe14545bed63eec,1,176.97,2018-04-10,143
76d336555bb25f3165d2f0d6da719c40,1,176.76,2017-02-03,574
7a188843479798ca813108fa7b959286,1,175.86,2017-11-20,284
553a440137d6e0cf776aee0bb83ac9f5,2,175.14,2018-05-29,94
9bade61a92bed55a25d2b67b9f4ed739,2,174.80,2018-03-29,155
fa8d335d68129e464e60c1826a683e96,1,174.68,2017-10-20,315
818d28f936e791926d33bcb6ee94ef79,4,174.28,2017-05-24,464
4dab98ca6cd6d3df586203cefd28a042,1,173.23,2018-03-05,179
c26ba52cf8d2f34915f2f6b7ffa0a3f3,4,172.65,2018-02-15,197
2f9b7ce230a057a98a9f5df5893ee36c,2,171.85,2017-06-18,439
0b3f27369a4d8df98f7eb91077e438ac,2,171.39,2017-11-22,282
37303482a42fb700d8d127e70a9cd6c8,2,171.38,2017-12-14,260
d8b8f2cf9ff6ba0389072541cb42498c,1,169.01,2018-05-23,100
f3041c2e75ec683697a6a5ea82192210,1,169.00,2017-02-05,572
2d34636518ba88f5349b732fcf8ba2e4,1,168.63,2018-04-30,123
0b09101900100c0e9d312861fad5a1b9,1,168.36,2017-01-27,581
1e47d8b6546eb3a77b1acddcc9406242,1,166.71,2017-05-15,473
941554c5757b73ba0e50aa7732310afc,3,166.35,2017-05-31,457
7c4adcc13272c0e26fa23aac642adb7b,2,165.63,2018-02-26,186
dd39ad39b5d3df33037e141c72497ba6,2,164.85,2017-06-10,447
9fe7c6641c79970ab48185498f547c09,1,164.71,2017-07-10,417
4ddeb3e828550cddc8d45c8bc36ab2d1,1,164.45,2017-03-15,534
fd312b6bf05efac6c3772d5b52205d8a,2,164.32,2017-06-26,431
47f55702f598c7c6cc8458b0fbc1c49a,2,163.40,2017-10-30,305
391bbd13b6452244774beff1824006ed,2,163.20,2018-03-05,179
19d62d484cba71963c93f0f00ab42013,1,162.59,2018-04-26,127
8cf21434553b02cbd37c0bbd07e041b0,2,162.13,2018-03-15,169
f664f98bfda2eaf266a23ff144e7a872,2,161.80,2017-11-19,285
92c8bc6e8f925792247656fed09aad65,2,161.24,2017-09-11,354
8eb88b0acb3f90a717ad659221471fa7,2,160.67,2018-02-04,208
a89e143d5211473ae18db9577ee34b64,2,159.68,2017-10-07,328
3f8247d0f772ffa58560e5c682521ad5,1,158.45,2017-06-11,446
e82de6494d91d3c4c54450f59b227a94,3,157.70,2018-03-02,182
be1e9e378700cecaa4ebf71433d7915c,2,157.51,2018-01-22,221
e00d85ce20ea50c1224c66ca5050527d,1,157.30,2017-07-13,414
59de1d4c8c057c2a53acd4ca66531af2,1,156.75,2017-11-10,294
9558aa23f77a9e0a0eca83540999f43b,2,155.58,2017-05-22,466
bf0045791395e66460eb04749c68672a,2,155.25,2017-03-15,534
876182d1918783bbe15233febfbd4926,3,155.00,2018-02-27,185
aa1eb17b9fdf6dfd546e25c45c7b9235,3,154.26,2018-04-25,128
f114dca2828bf718548db175ebe2cfcd,1,152.99,2018-01-06,237
934ed5cd1b9c1c7382d0a94a94b9e639,1,152.47,2017-02-11,566
910a922b426b7ff95eaee129ad6c0e1f,2,150.96,2018-04-11,142
4c60877808f4318ef1107fbeb8f89afa,2,150.63,2018-01-16,227
b416191c9813d821a295cfabafff4161,2,150.14,2017-08-16,380
d4a5e99e0dd915df64ba55a7fbd583fd,2,149.75,2017-10-26,309
3606774ec64634822d78dc2db6d37045,1,148.93,2017-01-25,583
570d4583587a5fe2d47c7be89b91ad27,2,148.92,2017-07-05,422
c87abc38c8ed3240861729e1aeadf221,1,148.68,2017-12-26,248
db6a4d4b5f1f5f98820ce6ce2619e2de,1,148.15,2018-01-08,235
7c4402417d51474d4d0cda9557340e40,1,147.59,2017-05-08,480
2f3d8b4c9e2ee165075331fea3f3095a,1,147.35,2017-10-13,322
a90a5da8b09e44264a177c0374a5ac87,3,147.30,2017-03-08,541
2b5ed0c9139dae8883a200dfcb272ece,4,144.75,2017-11-06,298
e732329483fd5f27367dd997b47f598a,1,144.47,2017-08-31,365
dc120d932ddf9d4dfb6fd68beefda622,1,144.44,2018-04-25,128
b6f52e346160519c24a23af05410ad32,1,143.25,2018-04-26,127
88af55b4a7ca402b27df16f7c7c9b5d2,1,141.52,2017-03-30,519
e5def42655b7490edac5a56fe8e9e603,1,141.42,2017-03-28,521
e9b6c33b71b67737693b4cfa68341c8d,1,141.39,2017-08-16,380
11d4c477d09821164bca4f70a2eae031,3,140.86,2017-08-28,368
ec21206b7894c503788a684a7bc822a6,2,140.78,2017-11-17,287
bba8d0c234a52b87b3957037a215d1a4,1,139.53,2018-05-04,119
003554e2dce176b5555353e4f3555ac8,1,139.38,2017-12-15,259
d52cbce9845184537284a23c3bc3da0e,2,138.78,2018-03-02,182
f9a02f1922d1de564392e656d82b3fda,1,137.39,2017-04-05,513
00d8b143d12632bad99c0ad66ad52825,1,137.10,2018-03-21,163
a353b1083c9863d756d9404695016d64,1,137.09,2017-12-07,267
fc5a0d7a310a7a41abf86a458585ff2b,1,136.97,2017-06-02,455
9e17b9d64683aebcbb9ee362d06463b4,2,136.67,2017-02-22,555
781a66c0d89e30814d49fe8b5e14cd07,1,136.30,2017-11-15,289
d1aa1ec0839dcab73a6161130eb1f94a,1,136.04,2017-04-19,499
07a9bc7f61396b658ddf3ac534efe44c,1,135.49,2017-06-26,431
a150c540f572d0fb53992264bc5c10b5,1,135.49,2018-02-04,208
6235903333ba7de1928c869e268e5964,1,135.48,2018-05-13,110
7994081388d55b9cf976c050653dd359,1,134.60,2017-02-09,568
623ad9d0c1e14bb5464a8c72bff7b4af,1,133.96,2018-05-13,110
9c3a1c416c765687bc79a04113269929,1,133.80,2018-02-01,211
9bf11dfc0bec77e5a23028043c3c5a8f,1,132.06,2017-11-24,280
61f159ef6da2d441951d2c0efa719362,2,131.91,2017-01-24,584
2c9005d8043aff18b8557ffb7b13cda4,1,129.64,2018-05-07,116
782f78b632a43875dd5b53e3e49c9564,1,129.56,2017-06-19,438
93bef6edaa84956e8e575016449b6351,1,129.56,2017-07-28,399
324583d68897f5ddbaf38f6248322176,2,127.99,2018-02-25,187
28d162ab86bb49d719c32f0ee6186eaa,1,127.20,2017-09-19,346
80cfd480be3eb6d6267139f5cb793555,1,126.34,2017-03-10,539
f43827dd686be3a4a80e00aa299990fb,1,125.74,2018-01-25,218
be67f78487e2cecb0d55bc769709e4f5,1,125.64,2018-03-23,161
7bb8fac2913a6064ec412e583c6d8b4d,1,125.52,2018-02-02,210
443d880f15cbd3572885e1d44bf2c478,1,125.00,2017-07-21,406
b8d890108a7a80e4f5d59eea9f362438,2,124.29,2017-10-19,316
ac1ed5fc15901fbc92920361eb4ab350,1,124.04,2017-06-17,440
db1f0f7c7e5e87f40b62226f020bb297,3,123.73,2017-05-09,479
889009a0ed0bb52c87819941192931b8,1,122.98,2017-06-01,456
87f3e35268860433e13d577825aada95,1,122.06,2017-02-14,563
a4fc6eadaff1576af888509a53420f6a,1,121.62,2018-05-22,101
4cc43a222a0f94910728b62b97a8c5f8,1,120.76,2018-01-31,212
a2b911e9ad40dc7d61c142a4683e2d85,1,120.30,2017-05-10,478
217f005bb37ff3aeef5b2ae1788e75ba,3,120.22,2017-06-13,444
028872bfa080090a9d0abd4f1af168f8,1,117.87,2017-08-19,377
74a9b9bddf14ece02beb81f52c41a88d,2,117.06,2018-02-07,205
79b93a308a97792cf53ac75f46da00b5,1,116.04,2017-07-23,404
17998cf586426bf0f2c3726cb0a4b211,2,115.52,2018-01-01,242
aa17b35ce4de7b565be3249ba838944f,2,114.00,2017-09-01,364
6b2612338467c08c9b25f0cc55b1578d,1,113.87,2017-02-12,565
918f6fbcf3ab724d805867303e593a1b,2,112.58,2017-03-02,547
376d67b61dce0c990155286e7ae486a4,1,111.91,2018-03-01,183
7f02656561b680def9986c0795a8a080,2,111.83,2017-09-22,343
270572bb714b00531be85e16e1550f26,1,111.76,2018-05-24,99
fa7ad8ae9bcb2c4493fdf38e96b1d74f,1,111.70,2017-11-13,291
a7c53f6b3b61adbdaa99dda97e8cbd56,1,110.30,2017-03-06,543
00ab3eff1b5192e5f1a63bcecfee11c8,1,110.08,2017-03-18,531
65c255b299faf2d12050937cc219c46c,2,110.08,2017-08-31,365
7a704e63bb29c446869efde5d57524c8,1,109.90,2018-01-25,218
22a23e5ac7061fc538cc2a019afaaf16,1,109.42,2017-05-18,470
166e8f1381e09651983c38b1f6f91c11,2,109.00,2017-08-21,375
6d04126aba80df143fd038e711b8fd96,1,108.86,2017-09-08,357
e4253cef933647000a82ff39c67b7bde,2,108.73,2017-05-20,468
dd264199fc8b687ad029de7de6d760e6,1,108.60,2017-01-19,589
cac4e0bc1a3269fa2b6ea5e763f6115b,2,108.02,2018-03-27,157
eb4a59a06b3948e851a7d7a830bcbc42,2,108.00,2018-05-14,109
2bdb95a56a36ebbc6640337ac5eac174,1,107.90,2017-01-27,581
c85d7b477a709c85a1e8b8f25aa1b270,1,107.22,2017-06-28,429
6624bc09786f0e41ae48dfc5eeb1a9e2,1,107.01,2017-03-05,544
5305693ffae2d3463377b1f6fe67b15a,1,106.55,2018-01-02,241
e4f121bf6ef8b9a1d4d3e65dd0473fab,2,106.46,2018-05-07,116
f8f35af4634605e6693c17cc3ffff5a8,1,106.39,2017-11-12,292
b86a47b3366e3b5424a7b225781f4908,1,106.35,2018-01-05,238
e5bd51692380fd8cabb19b756b95e714,2,105.75,2017-12-23,251
83d458c0d6d4f94295d63f091460bd60,1,105.74,2017-03-06,543
20fd2d2080ed85fa67fad3fcbb2c1813,1,105.47,2018-04-30,123
4aba6a02a788d3ec81c03137144d9a80,1,105.28,2018-01-16,227
6187a137b2af59dfdbad8d9f8c373c14,2,105.02,2018-01-06,237
a7b7354cc588f7566a848bcbb1ce3d96,2,104.87,2017-03-23,526
da2782c804606d2a5d8e1760dbb3e7ec,1,103.37,2017-11-26,278
f3055483058c84d75ca2a3314fb4deef,1,103.29,2017-12-04,270
0f519b0d2e5eb2227c93dd25038bfc01,1,102.90,2017-01-27,581
15b3b1b81484422eb41df68ac87f1f50,2,102.89,2018-01-22,221
48e5ee06fb2dc74df1c711a9b6dfac2a,1,102.30,2018-02-03,209
c2bda99904207edd1834f03e0022b007,2,101.68,2017-09-27,338
83f2b4881141ce3fcd4e985125d3279e,3,101.38,2018-03-18,166
42d4b7e70819438f5ada61c965e92d7e,1,100.78,2018-03-20,164
43a5d4a57af536fddc96d08be3afdfcb,1,99.83,2017-06-14,443
42fb44130ac3134cde8e35cf8ec7df25,3,99.14,2017-03-23,526
8132b9bd16876e1b0f8808d43825dd48,1,98.90,2017-05-05,483
52b53f7061969fe471d119b6195da864,1,98.37,2017-08-28,368
dcb7367a92f5ffb89f1e2152ed260285,1,98.34,2018-03-18,166
c542f5a8c64d973f30e9df8d06f70b4a,1,98.31,2017-01-18,590
97e50a621f8e801f4baf69e08687c192,1,97.78,2018-02-21,191
ca5832c6960267b71041f74bb39e8b12,1,97.71,2017-06-19,438
1a8e2d9c38b84a9702ac7922924b0573,1,97.00,2018-02-06,206
9fbd5666d8618fa571c4230fafa09bd6,1,96.71,2017-08-30,366
6dd7dce75cd55c1ce255dc38d9f0cd46,1,96.33,2017-12-17,257
c8771b1a10bb99bb34d3c459c5cffb53,1,96.10,2017-05-30,458
b3e2faf2c1004d674f16a3aa3197f0e1,3,95.24,2017-05-10,478
8f0fbe2cd4d472157dc1cdef6edecaa9,2,94.76,2017-09-11,354
9591fc341b1bfb7ef561e2968ec6e011,1,94.21,2017-09-20,345
5cf1ec37aea089f45110c70653a166ab,3,93.10,2017-12-13,261
24a6daf925d9d591870a66660416de31,2,90.08,2018-05-06,117
723a46b89fd5c3ed78ccdf039e33ac63,1,90.04,2018-05-28,95
f90f77ef2799a27f80d90c425ca944f7,1,89.46,2018-05-15,108
a45765f8afb1e594b22bf9e974b46765,1,88.92,2017-03-09,540
b5b800c4065bebf4d3442311c9857344,1,88.81,2018-05-01,122
76623fde66e6b63b59440fd34160512d,3,88.74,2018-01-08,235
b6c6854d4d92a5f6f46be8869da3fa1a,1,87.82,2017-04-28,490
85e7c62c1d6ea078c3897424f867a7c8,2,87.70,2018-01-17,226
f0ec6a2adb05c62655a26dd347b8dede,1,86.78,2018-04-11,142
4003520d80d0bad1d5623f7aa3c63cda,1,86.74,2017-09-26,339
20d53aad4fe5ee93a64f8839609d3586,2,86.44,2018-05-14,109
3da38366e7bd9baf6369071f782ecdf0,1,86.43,2018-01-04,239
d6cd01c59123df02fc226eadbadb5f89,1,86.15,2018-01-11,232
b5d034ac251546e25afe9067f05c1539,1,85.27,2018-04-21,132
3e35a8bb43569389d3cebef0ce820f69,1,84.68,2018-04-12,141
a3fa18b3f688ec0fca3eb8bfcbd2d5b3,1,84.26,2018-04-30,123
edb65fe661681b1c0de8bd47c8655855,1,84.24,2017-04-26,492
d58d521f3789def2e7a22715e0badd93,2,84.20,2018-03-20,164
d7ab82074b5f1dfba46db123df101bff,2,83.97,2018-01-04,239
c13fb473e7cb8b83ccd543c094df0608,2,83.52,2017-03-20,529
447d377bdb757058acb569025ee18a93,1,83.01,2018-02-02,210
7963e546f34e098b578f9ad102494601,1,82.22,2017-11-05,299
6ebf4eceee4dd9847201c82e77ef8123,1,82.03,2018-04-04,149
ad738d3fcf42655ed15c4960b7b6c601,1,80.89,2017-05-21,467
a2a41aedb70551d4a85aa04dc2fced48,2,79.73,2017-12-03,271
9ef932e837d8b7f392c0bfee9d359dc2,1,79.56,2017-11-20,284
2eeb6531ee027a48d401e72bebdd87d3,3,78.70,2017-02-14,563
84c945f15571830c1a91a33978e94009,2,78.04,2017-05-14,474
f3511c85f59f8dec53d140501ee8e7a8,1,78.01,2017-08-13,383
f7c31656c19db6275a8acadca289f426,1,77.75,2018-02-15,197
56a8b450e802502ba53a9885ee38e29f,1,77.65,2017-07-06,421
7c462184585ae80bd6e5774c62ce50f2,1,77.64,2018-05-07,116
3a3c180dd702a725bd0ba4117689239e,1,77.38,2018-05-04,119
60ad151920c4f6f3ebbe8cfdf6166779,1,76.95,2017-05-09,479
80146bc52c4f6af5239b23de2a20262b,1,76.78,2017-02-24,553
e1a210d482714ce337763a19aef94ba4,1,76.51,2017-04-30,488
7315baebc0572ff220d226283dc66728,2,76.22,2017-06-28,429
75fdd0a732287f9497b179f6bd445d32,1,76.08,2017-09-19,346
528ce32f560edd11add4169f6a5b65be,2,75.10,2017-07-20,407
c240c4061717ac1806ae6ee72be3533b,1,73.89,2018-05-08,115
9996ae921c50e8dff411ac69c0b4bb8b,2,73.37,2017-10-22,313
d180e07dc1e58c31c3f0cd599dc4d945,1,72.96,2018-01-26,217
9e94fa26a70ede4d26226e918e8706a2,1,72.74,2017-08-04,392
c7246702dc991a06d788120dc7544391,1,72.52,2018-02-19,193
fe19dce63ae80346207c6c55713d1023,1,71.72,2017-01-31,577
2f1e7b90e01d9f086cbcb301c0c3d406,1,71.66,2017-11-27,277
1d139e3a3b14025640d8df1b230aace0,2,71.18,2017-11-19,285
0ee4fb99ac55ffbbc98795aa01b7f8fa,1,70.93,2017-05-01,487
7b3447b497e55af8c15fc7bd89d7b81a,1,70.65,2017-11-17,287
b77a27b1864483e721dc831d5ba4afa0,2,70.42,2017-05-10,478
0936e1837d0c79253456bbb2ffaaef10,1,70.02,2017-04-11,507
720e6cf846ea7572cbb66b743fb91e6c,1,68.55,2017-03-18,531
c963a25b8671419c6ce9eebe8fd03218,1,68.32,2018-05-01,122
c200c73f9d7e5a08ca439d6a0803da7c,1,68.20,2017-05-23,465
e3e15e2c0b9700561efac21c6be48066,1,66.94,2018-02-04,208
ebe3dabc4955c9b0d695e7bda38bf5c3,1,66.89,2018-02-20,192
5aaa890629f83706d8d9bfecd8377c1c,1,66.82,2017-09-15,350
43753b27d77860f1654aa72e251a7878,1,66.28,2017-09-08,357
2e2f44824ab87a0cb961f68bf4073e7f,1,65.93,2018-04-02,151
1b61fb1f0f2185d89e9a126c498e9cc7,1,65.81,2017-06-23,434
3338e7a0710a195872be80e0d2423867,1,65.43,2017-04-08,510
8629a7efec1aab257e58cda559f03ba7,1,64.11,2018-02-16,196
2ef086a599b597572aca4433b7ed6b3d,1,64.10,2018-01-11,232
ce33c6211beaa8fef4cae8b52db39862,1,63.52,2017-02-12,565
51e0557bc7b86de13e946c60ee91ce39,1,63.40,2017-05-14,474
d85efbc8eff2b7adf524e2820569adc8,1,63.29,2018-05-12,111
6c9875b2f94ba781186f0c1aed8d1687,2,63.05,2017-08-13,383
7494d0dcba8551df6cf37f1b905dc2f7,1,62.97,2018-05-03,120
0b1ca3ef18a63d7eb0c8897fa0849c08,1,62.87,2018-04-12,141
3ded4e2d5f135cb103e5949d7263d2dd,1,62.38,2018-02-15,197
749e7cdabbaf72f16677859e27874ba5,1,61.74,2017-09-03,362
417a1e6c7321084d2a0ae0d023cfad93,1,61.38,2018-01-31,212
16bdc8cefd0e32a6f0824d296c5ad14a,1,61.08,2018-04-11,142
cad10cc982ab6a391570c211b995c17c,1,60.19,2018-04-22,131
6bcb2352a2a0c38b845f598298ab9d26,2,59.38,2017-09-29,336
9c351405b754cc5ce3e2ecf277bb034a,1,59.11,2017-03-28,521
ac137bac82ffa8548e62bd9d01d2a14f,1,58.94,2017-05-15,473
4d8809767a5bafe22909c77951fb6b41,1,58.72,2017-10-25,310
c4b911d06343b21dd906651f8101cb49,1,58.62,2017-11-08,296
84deb808079d1be601c209c1e771b1cc,2,58.14,2017-11-27,277
da3fede3469bf49b7293ce3fc45b294d,1,57.69,2018-03-17,167
9b1050e85becf3ae99c1cf4934c9bc5d,1,57.67,2017-09-21,344
2c00c85d30361cd2ced2969cffbbffa3,1,57.51,2018-04-16,137
1f7dfad2cb384ea4d2d7e1ffbd78c407,1,57.29,2018-05-05,118
e595809a6c31ec4314fd06ef198c244d,1,57.23,2018-03-12,172
2d8cfba3fcd3170555941605edaa196a,1,55.96,2017-03-15,534
a213f1bd6458f4a158f3746cb2514559,1,55.95,2018-05-30,93
df683dfda87bf71ac3fc63063fba369d,1,55.95,2017-03-13,536
c74f14c1e26cf1bd5bd34b6a1e274426,1,55.79,2018-01-27,216
baf15155e37ef5492731459bdc05be8a,1,55.72,2017-03-16,533
e72b4feb7abe210c52aa667abc25a3a2,1,55.64,2017-06-17,440
8b181ee5518df84f18f4e1a43fe07923,1,54.98,2018-05-30,93
3d62f86afa7c73be2628a3be1423f5a0,2,54.42,2018-01-09,234
ab75b89cc49c9ab3160d0c91565a442a,2,53.83,2017-09-08,357
70ee69419916dc13e3aed619061f996c,1,53.72,2017-08-07,389
bee36b4f9a2b9fdcaff6ec05df202ed0,2,53.48,2017-03-05,544
3a52d63a8f9daf5a28f3626d7eb9bd28,1,52.78,2017-02-01,576
2c54051840f19eca309a5423cf22df36,2,52.27,2018-04-04,149
67e43d802fde8cfd3f9580124f8167d1,1,52.24,2017-02-20,557
c161d1327ebc3a156c09582ab2f59f6c,2,51.55,2017-12-04,270
e116c7455dd26a4d8c3e92532583905f,1,51.54,2018-04-05,148
9200e6ce317b67196b6b0bad4d4bd567,1,51.42,2017-03-25,524
f9f68daa2af419d38f745478bcb3da1a,2,51.36,2017-04-24,494
999f6d9a1c7c81f43be44c6b7d076210,2,50.83,2017-03-05,544
c716e0b86ed568878475b60fbb6323ad,1,50.23,2018-03-26,158
5a32c398a06c345440bf2a683b017ad3,1,50.13,2018-03-14,170
baeda7047354773262ba2405f97038ba,1,50.10,2017-09-30,335
e0b162a693bc7f9eab00f783a31d60ea,1,49.69,2018-05-04,119
cb162c8eef257253782d245c08d9097c,1,49.12,2017-11-19,285
72c73be2b085b9d57650dd53eb2004c9,1,47.32,2017-07-24,403
bd4ff04377f974574f7f0bf9d6ce7dde,1,46.73,2017-02-20,557
a09a13f18ed27932d08438aa6f12756e,1,46.01,2017-10-28,307
32f83ffe11cd40f7adcf4eef171f52d9,1,45.09,2017-11-19,285
02a2272692e13558373c66db98f05e2e,1,44.51,2017-02-06,571
436bf27f2f18474fc6047702e9f8a866,1,44.42,2017-01-18,590
c9d2ba8dde44a275ae06475ed1d2fafc,1,43.31,2017-02-06,571
e6ffc9ac6a7adc9d16a1cfc2286dd546,1,43.28,2018-03-29,155
33fd411ed63a7c2f9005e3f065d9f85d,1,43.13,2018-04-11,142
b026643914f651e8371425e5b8a1e780,1,43.00,2017-07-07,420
7b3f6ce5c6c22e9b96e7581ebf0df6e1,1,42.49,2017-12-09,265
7cb946b1ad19faebe28c3e86c2794ec3,1,40.10,2017-11-16,288
15aec03fe4cf30dfa574cf550f5ff5ff,1,39.86,2017-02-09,568
bcd2d7510d58e293f20fad6438c1b314,1,39.46,2017-02-09,568
1c83418358f249c9d6affa52d579db0e,1,39.42,2017-04-29,489
1a6245add4353f18ed55138808906979,1,39.34,2017-07-22,405
bd65d163ded559eb90a10cd09fec178f,1,38.48,2017-08-21,375
a61cc04793308395a840807104365121,1,38.37,2018-05-03,120
139157dd4daa45c25b0807ffff348363,1,37.68,2017-08-31,365
34675b28b826facfde119785bf287dc1,1,37.09,2017-08-01,395
38f276ca6e7cc95a6d1bb55ac9e5550f,1,36.84,2017-11-26,278
98f52e1020fe788c10c0418de4393fec,1,36.70,2017-08-09,387
b2f4d63c7203f539a78252565ca32257,1,35.74,2017-09-09,356
698624c6632eeba1774924dbea24c700,1,35.13,2018-04-05,148
f1fdf2d13186575751aa25876536d85c,1,34.59,2018-03-29,155
e76ecc7e9a1a1e3c6df9d2a8261c423d,1,34.10,2017-08-13,383
63bc58679c44e8a998792119fd7ad23e,1,34.01,2017-02-15,562
d93b8458c6fe139d85cfa5eadbf55bd2,1,34.00,2017-11-19,285
804287717b9156fb7a787acd9af4fac1,1,33.90,2017-06-07,450
e174dc2de86d60fee178170a154c05e7,1,33.90,2017-08-17,379
0bb27263628258b8111a0262769fa9db,1,33.16,2017-04-01,517
fb503a924a0b9db19d83dd0ac6dbef8c,1,31.82,2017-05-16,472
c1d1ebb4745cc43cb6f05e9c8a705c9a,1,31.71,2017-04-20,498
eb1bf309f4f6af9a97e9ddac3fdbeabe,1,31.18,2018-05-24,99
0b46f784306be7200ca1700aa55d819f,1,30.86,2017-03-19,530
9f56a7a649097b166d8ed286ad86a15c,1,30.09,2017-11-06,298
20f0aeea30bc3b8c4420be8ced4226c0,1,29.42,2017-02-05,572
e64ddbe1cbcf4f2fc3092b7c481f3f9d,1,28.29,2018-03-30,154
f3862c2188522d89860c38a3ea8b550d,1,28.29,2018-05-15,108
668bf321538e5072858eaef6087ce027,1,28.01,2018-02-26,186
344223b2a90784f64136a8a5da012e7f,1,27.69,2018-01-17,226
7caa63f175b1cecbfaadd8b5ab9998c7,1,27.64,2018-01-02,241
0f94588695d71662beec8d883ffacf09,1,27.59,2017-03-01,548
9e25199f6ef7e7c347120ff175652c3b,1,27.02,2017-03-27,522
eae9af4811c294c56795d70e715b7337,1,27.01,2017-10-17,318
6614814a00d344b846ae209f95ee7e3f,1,25.69,2017-06-08,449
6576fd3e23c88f0e5d4d23f39bba0542,1,25.46,2017-03-02,547
5b92bfa4120daa27c574daa2e386c693,1,24.96,2017-02-20,557
c18309219e789960add0b2255ca4b091,1,24.00,2017-12-05,269
7ab0dd5487bab2dc835337b244f689fb,1,23.46,2017-04-05,513
34aefe746cd81b7f3b23253ea28bef39,1,22.52,2017-05-05,483
ad14615bdd492b01b0d97922e87cb87f,1,19.21,2017-02-10,567
702835e4b785b67a084280efca355756,1,18.56,2017-02-13,564
4965a7002cca77301c82d3f91b82e1a9,1,16.36,2018-04-21,132
77128dec4bec4878c37ab7d6169d6f26,1,15.22,2017-03-15,534
cf6f6bc4df3999b9c6440f124fb2f687,1,12.22,2017-05-01,487
