cohort_month,months_since,active_customers,cohort_size,retention_pct
2017-01,0,753,753,100.00
2017-01,1,3,753,0.40
2017-01,2,2,753,0.27
2017-01,3,1,753,0.13
2017-01,4,3,753,0.40
2017-01,5,1,753,0.13
2017-01,6,3,753,0.40
2017-01,7,1,753,0.13
2017-01,8,1,753,0.13
2017-01,10,3,753,0.40
2017-01,11,1,753,0.13
2017-01,12,5,753,0.66
2017-01,13,3,753,0.40
2017-01,14,1,753,0.13
2017-01,15,1,753,0.13
2017-01,16,2,753,0.27
2017-01,17,3,753,0.40
2017-01,19,1,753,0.13
2017-02,0,1690,1690,100.00
2017-02,1,4,1690,0.24
2017-02,2,5,1690,0.30
2017-02,3,2,1690,0.12
2017-02,4,7,1690,0.41
2017-02,5,2,1690,0.12
2017-02,6,4,1690,0.24
2017-02,7,3,1690,0.18
2017-02,8,2,1690,0.12
2017-02,9,3,1690,0.18
2017-02,10,2,1690,0.12
2017-02,11,5,1690,0.30
2017-02,12,2,1690,0.12
2017-02,13,3,1690,0.18
2017-02,14,2,1690,0.12
2017-02,15,1,1690,0.06
2017-02,16,1,1690,0.06
2017-02,17,4,1690,0.24
2017-03,0,2571,2571,100.00
2017-03,1,13,2571,0.51
2017-03,2,9,2571,0.35
2017-03,3,10,2571,0.39
2017-03,4,9,2571,0.35
2017-03,5,4,2571,0.16
2017-03,6,4,2571,0.16
2017-03,7,8,2571,0.31
2017-03,8,9,2571,0.35
2017-03,9,2,2571,0.08
2017-03,10,10,2571,0.39
2017-03,11,3,2571,0.12
2017-03,12,6,2571,0.23
2017-03,13,3,2571,0.12
2017-03,14,4,2571,0.16
2017-03,15,6,2571,0.23
2017-03,16,2,2571,0.08
2017-03,17,4,2571,0.16
2017-04,0,2326,2326,100.00
2017-04,1,14,2326,0.60
2017-04,2,5,2326,0.21
2017-04,3,4,2326,0.17
2017-04,4,7,2326,0.30
2017-04,5,6,2326,0.26
2017-04,6,8,2326,0.34
2017-04,7,7,2326,0.30
2017-04,8,7,2326,0.30
2017-04,9,4,2326,0.17
2017-04,10,6,2326,0.26
2017-04,11,2,2326,0.09
2017-04,12,2,2326,0.09
2017-04,13,1,2326,0.04
2017-04,14,2,2326,0.09
2017-04,15,2,2326,0.09
2017-04,16,3,2326,0.13
2017-05,0,3541,3541,100.00
2017-05,1,17,3541,0.48
2017-05,2,17,3541,0.48
2017-05,3,14,3541,0.40
2017-05,4,11,3541,0.31
2017-05,5,12,3541,0.34
2017-05,6,15,3541,0.42
2017-05,7,5,3541,0.14
2017-05,8,9,3541,0.25
2017-05,9,9,3541,0.25
2017-05,10,9,3541,0.25
2017-05,11,12,3541,0.34
2017-05,12,9,3541,0.25
2017-05,13,1,3541,0.03
2017-05,14,7,3541,0.20
2017-05,15,8,3541,0.23
2017-06,0,3102,3102,100.00
2017-06,1,14,3102,0.45
2017-06,2,11,3102,0.35
2017-06,3,12,3102,0.39
2017-06,4,8,3102,0.26
2017-06,5,12,3102,0.39
2017-06,6,11,3102,0.35
2017-06,7,7,3102,0.23
2017-06,8,4,3102,0.13
2017-06,9,7,3102,0.23
2017-06,10,10,3102,0.32
2017-06,11,10,3102,0.32
2017-06,12,5,3102,0.16
2017-06,13,4,3102,0.13
2017-06,14,6,3102,0.19
2017-07,0,3823,3823,100.00
2017-07,1,20,3823,0.52
2017-07,2,13,3823,0.34
2017-07,3,9,3823,0.24
2017-07,4,11,3823,0.29
2017-07,5,8,3823,0.21
2017-07,6,12,3823,0.31
2017-07,7,4,3823,0.10
2017-07,8,7,3823,0.18
2017-07,9,10,3823,0.26
2017-07,10,8,3823,0.21
2017-07,11,11,3823,0.29
2017-07,12,5,3823,0.13
2017-07,13,10,3823,0.26
2017-08,0,4130,4130,100.00
2017-08,1,28,4130,0.68
2017-08,2,14,4130,0.34
2017-08,3,11,4130,0.27
2017-08,4,15,4130,0.36
2017-08,5,22,4130,0.53
2017-08,6,12,4130,0.29
2017-08,7,11,4130,0.27
2017-08,8,6,4130,0.15
2017-08,9,6,4130,0.15
2017-08,10,10,4130,0.24
2017-08,11,8,4130,0.19
2017-08,12,5,4130,0.12
2017-09,0,4076,4076,100.00
2017-09,1,28,4076,0.69
2017-09,2,22,4076,0.54
2017-09,3,12,4076,0.29
2017-09,4,18,4076,0.44
2017-09,5,9,4076,0.22
2017-09,6,9,4076,0.22
2017-09,7,10,4076,0.25
2017-09,8,12,4076,0.29
2017-09,9,8,4076,0.20
2017-09,10,11,4076,0.27
2017-09,11,3,4076,0.07
2017-10,0,4392,4392,100.00
2017-10,1,31,4392,0.71
2017-10,2,11,4392,0.25
2017-10,3,4,4392,0.09
2017-10,4,10,4392,0.23
2017-10,5,9,4392,0.20
2017-10,6,9,4392,0.20
2017-10,7,16,4392,0.36
2017-10,8,12,4392,0.27
2017-10,9,9,4392,0.20
2017-10,10,9,4392,0.20
2017-11,0,7189,7189,100.00
2017-11,1,40,7189,0.56
2017-11,2,28,7189,0.39
2017-11,3,12,7189,0.17
2017-11,4,14,7189,0.19
2017-11,5,13,7189,0.18
2017-11,6,8,7189,0.11
2017-11,7,14,7189,0.19
2017-11,8,9,7189,0.13
2017-11,9,4,7189,0.06
2017-12,0,5437,5437,100.00
2017-12,1,12,5437,0.22
2017-12,2,15,5437,0.28
2017-12,3,19,5437,0.35
2017-12,4,14,5437,0.26
2017-12,5,11,5437,0.20
2017-12,6,9,5437,0.17
2017-12,7,1,5437,0.02
2017-12,8,12,5437,0.22
2018-01,0,6952,6952,100.00
2018-01,1,23,6952,0.33
2018-01,2,25,6952,0.36
2018-01,3,20,6952,0.29
2018-01,4,20,6952,0.29
2018-01,5,11,6952,0.16
2018-01,6,12,6952,0.17
2018-01,7,16,6952,0.23
2018-02,0,6356,6356,100.00
2018-02,1,23,6356,0.36
2018-02,2,25,6356,0.39
2018-02,3,19,6356,0.30
2018-02,4,17,6356,0.27
2018-02,5,14,6356,0.22
2018-02,6,13,6356,0.20
2018-03,0,6932,6932,100.00
2018-03,1,28,6932,0.40
2018-03,2,21,6932,0.30
2018-03,3,20,6932,0.29
2018-03,4,9,6932,0.13
2018-03,5,8,6932,0.12
2018-04,0,6698,6698,100.00
2018-04,1,39,6698,0.58
2018-04,2,21,6698,0.31
2018-04,3,16,6698,0.24
2018-04,4,9,6698,0.13
2018-05,0,6588,6588,100.00
2018-05,1,34,6588,0.52
2018-05,2,17,6588,0.26
2018-05,3,13,6588,0.20
2018-06,0,5921,5921,100.00
2018-06,1,25,5921,0.42
2018-06,2,16,5921,0.27
2018-07,0,6017,6017,100.00
2018-07,1,31,6017,0.52
2018-08,0,6209,6209,100.00
