cohort_month,cohort_size,m0_pct,m1_pct,m2_pct,m3_pct,m4_pct,m5_pct,m6_pct
2017-01,753,100.00,0.40,0.27,0.13,0.40,0.13,0.40
2017-02,1690,100.00,0.24,0.30,0.12,0.41,0.12,0.24
2017-03,2571,100.00,0.51,0.35,0.39,0.35,0.16,0.16
2017-04,2326,100.00,0.60,0.21,0.17,0.30,0.26,0.34
2017-05,3541,100.00,0.48,0.48,0.40,0.31,0.34,0.42
2017-06,3102,100.00,0.45,0.35,0.39,0.26,0.39,0.35
2017-07,3823,100.00,0.52,0.34,0.24,0.29,0.21,0.31
2017-08,4130,100.00,0.68,0.34,0.27,0.36,0.53,0.29
2017-09,4076,100.00,0.69,0.54,0.29,0.44,0.22,0.22
2017-10,4392,100.00,0.71,0.25,0.09,0.23,0.20,0.20
2017-11,7189,100.00,0.56,0.39,0.17,0.19,0.18,0.11
2017-12,5437,100.00,0.22,0.28,0.35,0.26,0.20,0.17
2018-01,6952,100.00,0.33,0.36,0.29,0.29,0.16,0.17
2018-02,6356,100.00,0.36,0.39,0.30,0.27,0.22,0.20
2018-03,6932,100.00,0.40,0.30,0.29,0.13,0.12,
2018-04,6698,100.00,0.58,0.31,0.24,0.13,,
2018-05,6588,100.00,0.52,0.26,0.20,,,
2018-06,5921,100.00,0.42,0.27,,,,
2018-07,6017,100.00,0.52,,,,,
2018-08,6209,100.00,,,,,,
