customer_unique_id,n_orders,first_category,latest_category,same_category
8d50f5eadf50201ccdcedfb9e2ac8455,16,sports_leisure,costruction_tools_tools,0
3e43e6105506432c953e165fb2acf44c,9,bed_bath_table,bed_bath_table,1
1b6c7548a2a1f9037c1fd3ddfed95f33,7,stationery,health_beauty,0
6469f99c1f9dfae7733b25662e7f1782,7,bed_bath_table,bed_bath_table,1
ca77025e7201e3b30c44b472ff346268,7,cool_stuff,housewares,0
12f5d6e1cbf93dafd9dcc19095df0b3d,6,furniture_bedroom,pet_shop,0
47c1a3033b8b77b3ab6e109eb4d5fdf3,6,health_beauty,tablets_printing_image,0
63cfc61cee11cbe306bff5857d00bfe4,6,furniture_living_room,bed_bath_table,0
dc813062e0fc23409cd255f7f53c7074,6,cool_stuff,toys,0
f0e310a6839dce9de1638e0fe5ab282a,6,bed_bath_table,unknown,0
35ecdf6858edc6427223b64804cf028e,5,sports_leisure,luggage_accessories,0
394ac4de8f3acb14253c177f0e15bc58,5,health_beauty,luggage_accessories,0
4e65032f1f574189fb793bac5a867bbc,5,food_drink,consoles_games,0
56c8638e7c058b98aae6d74d2dd6ea23,5,arts_and_craftmanship,bed_bath_table,0
5e8f38a9a1c023f3db718edcf926a2db,5,watches_gifts,food,0
74cb1ad7e6d5674325c1f99b5ea30d82,5,garden_tools,furniture_bedroom,0
b4e4f24de1e8725b74e4a1f4975116ed,5,fashion_bags_accessories,fashion_bags_accessories,1
de34b16117594161a6a89c50b289d35a,5,sports_leisure,watches_gifts,0
fe81bb32c243a86b2f86fbf053fe6140,5,watches_gifts,watches_gifts,1
083ca1aa470c280236380973a48f77c6,4,luggage_accessories,food,0
08e5b38d7948d37fbb2a59fc5e175ab1,4,watches_gifts,watches_gifts,1
12d8b5ed661190a3a08183644dfc504d,4,furniture_living_room,baby,0
25a560b9a6006157838aab1bdbd68624,4,bed_bath_table,bed_bath_table,1
2ddc001b620bd90d0f4378cfde1db887,4,housewares,pet_shop,0
397b44d5bb99eabf54ea9c2b41ebb905,4,fashion_bags_accessories,fashion_bags_accessories,1
4facc2e6fbc2bffab2fea92d2b4aa7e4,4,watches_gifts,watches_gifts,1
6358b15ef7fa9b1210f1a5735cabd3d9,4,toys,toys,1
7305430719d715992b00be82af4a6aa8,4,bed_bath_table,pet_shop,0
738ffcf1017b584e9d2684b36e07469c,4,toys,toys,1
795c1622cf7a53d63d324e862349d01c,4,sports_leisure,baby,0
83e7958a94bd7f74a9414d8782f87628,4,auto,furniture_bedroom,0
9cc5a07f169a1606fd347a56683e6ea6,4,health_beauty,sports_leisure,0
a0abd26659c9914690cbd3320d39fd96,4,la_cuisine,sports_leisure,0
a1874c5550d2f0bc14cc122164603713,4,perfumery,telephony,0
a239b8e2fbce33780f1f1912e2ee5275,4,garden_tools,housewares,0
a73c5464692d3bc09d64e3edefae9015,4,garden_tools,dvds_blu_ray,0
a7657330b1c135f3acd420326e335b2c,4,fashion_bags_accessories,fashion_bags_accessories,1
acea6bd29b8c1e3c6a8b266a8fb4475e,4,toys,toys,1
b08fab27d47a1eb6deda07bfd965ad43,4,toys,fashion_bags_accessories,0
b2bd387fdc3cf05931f0f897d607dc88,4,computers_accessories,computers_accessories,1
b39dde6dd619943190a8cc9aa6db38a4,4,consoles_games,health_beauty,0
b896655e2083a1d76b7b85df8fc86e40,4,sports_leisure,sports_leisure,1
c37cc6c1a59d81460a3059744f7ada1c,4,furniture_decor,bed_bath_table,0
c8460e4251689ba205045f3ea17884a1,4,telephony,telephony,1
d3359a56d96666ac0c21bb01e7a61c95,4,health_beauty,fashio_female_clothing,0
ec7f1811826ab04a27a92197bc40c888,4,sports_leisure,bed_bath_table,0
f34cd7fd85a1f8baff886edf09567be3,4,home_appliances_2,home_appliances_2,1
f64ec6d8dd29940264cd0bbb5ecade8a,4,housewares,housewares,1
02e9109b7e0a985108b43e573b6afb23,3,health_beauty,bed_bath_table,0
041caba6a63ace5818387698ea85cdb2,3,telephony,auto,0
