year_month,active_sellers,new_sellers,churned_sellers,churn_rate_pct
2017-01,226,226,,
2017-02,425,254,30.0,13.27
2017-03,490,171,96.0,22.59
2017-04,503,121,86.0,17.55
2017-05,577,123,84.0,16.70
2017-06,534,75,127.0,22.01
2017-07,602,116,86.0,16.10
2017-08,700,126,84.0,13.95
2017-09,726,126,125.0,17.86
2017-10,773,147,103.0,14.19
2017-11,960,193,107.0,13.84
2017-12,859,88,173.0,18.02
2018-01,968,141,147.0,17.11
2018-02,933,116,165.0,17.05
2018-03,993,111,139.0,14.90
2018-04,1116,199,158.0,15.91
2018-05,1107,169,187.0,16.76
2018-06,1168,190,185.0,16.71
2018-07,1245,186,191.0,16.35
2018-08,1266,151,,
