year_month,purchased,approved_pct,to_carrier_pct,delivered_pct,reviewed_pct,canceled_or_unavailable_pct
2017-01,800,99.63,95.50,93.50,92.38,1.63
2017-02,1780,99.21,93.37,92.19,91.63,3.48
2017-03,2682,99.93,96.61,94.93,94.22,2.42
2017-04,2404,99.83,97.84,95.80,95.26,1.12
2017-05,3700,99.76,97.30,95.81,95.05,1.62
2017-06,3245,99.88,98.06,96.61,95.87,1.23
2017-07,4026,99.88,97.57,96.17,95.43,1.99
2017-08,4331,99.86,97.76,96.81,96.17,1.36
2017-09,4285,99.91,97.71,96.83,96.08,1.35
2017-10,4631,99.89,97.41,96.70,96.01,1.81
2017-11,7544,99.88,97.57,96.61,95.93,1.60
2017-12,5673,99.88,98.20,97.18,96.26,0.93
2018-01,7269,99.99,98.62,97.25,96.48,1.13
2018-02,6728,99.94,98.89,97.43,96.72,1.53
2018-03,7211,99.96,98.99,97.12,96.35,0.60
2018-04,6939,100.00,99.39,97.97,97.31,0.29
2018-05,6873,99.99,98.98,98.20,97.80,0.58
2018-06,6167,100.00,99.59,98.85,98.46,0.36
2018-07,6292,99.98,98.84,97.84,97.23,0.94
2018-08,6512,99.19,98.25,97.53,97.21,1.40
