origin,mqls,won,made_first_sale,active_3_of_first_6m,mql_to_won_pct,won_to_first_sale_pct,first_sale_to_active_pct,mql_to_first_sale_pct,median_days_to_close,top_landing_pages
organic_search,2296,271,112,59,11.80,41.3,52.7,4.88,14.0,"22c29808 (495), ce1a65ab (232), f017be4d (197)"
paid_search,1586,195,101,44,12.30,51.8,43.6,6.37,15.0,"40dec9f3 (241), 22c29808 (124), 241f79c7 (90)"
social,1350,75,31,13,5.56,41.3,41.9,2.30,30.0,"58326e62 (464), 88740e65 (413), 87732658 (84)"
unknown,1159,193,85,42,16.65,44.0,49.4,7.33,11.0,"b76ef374 (657), 22c29808 (41), c555aa36 (23)"
direct_traffic,499,56,31,15,11.22,55.4,48.4,6.21,10.0,"22c29808 (105), ce1a65ab (46), b76ef374 (25)"
email,493,15,6,1,3.04,40.0,16.7,1.22,21.0,"e492ee5e (35), e42a1420 (22), bddebc4f (19)"
referral,284,24,9,6,8.45,37.5,66.7,3.17,18.5,"22c29808 (56), e492ee5e (24), f017be4d (23)"
other,150,4,2,1,2.67,50.0,50.0,1.33,9.0,"73f31a40 (64), e492ee5e (16), c754e584 (9)"
display,118,6,2,1,5.08,33.3,50.0,1.69,8.5,"a7982125 (27), 5ce25abc (8), 64078d75 (6)"
other_publicities,65,3,0,0,4.62,0.0,,0.00,35.0,"22c29808 (9), 88740e65 (4), b76ef374 (4)"
