category_rank,category_en,orders,gmv_brl,gmv_share_pct,cum_gmv_share_pct,pct_rank
1,health_beauty,8757,1432213.38,9.13,9.13,0.0
2,watches_gifts,5599,1294824.43,8.26,17.39,0.0137
3,bed_bath_table,9394,1239779.55,7.90,25.29,0.0274
4,sports_leisure,7656,1144753.87,7.30,32.59,0.0411
5,computers_accessories,6636,1049201.49,6.69,39.28,0.0548
6,furniture_decor,6373,892437.53,5.69,44.97,0.0685
7,housewares,5838,770492.60,4.91,49.88,0.0822
8,cool_stuff,3609,702849.36,4.48,54.37,0.0959
9,auto,3863,676854.18,4.32,58.68,0.1096
10,garden_tools,3500,578060.01,3.69,62.37,0.1233
11,toys,3833,552191.76,3.52,65.89,0.137
12,baby,2859,476802.45,3.04,68.93,0.1507
13,perfumery,3120,445265.27,2.84,71.77,0.1644
14,telephony,4175,392924.23,2.51,74.27,0.1781
15,office_furniture,1266,340485.47,2.17,76.44,0.1918
16,stationery,2299,276152.18,1.76,78.20,0.2055
17,pet_shop,1702,252401.10,1.61,79.81,0.2192
18,computers,181,232799.43,1.48,81.30,0.2329
19,unknown,1435,206428.37,1.32,82.61,0.2466
20,musical_instruments,620,206021.32,1.31,83.93,0.2603
21,small_appliances,622,203731.50,1.30,85.23,0.274
22,electronics,2542,203296.98,1.30,86.52,0.2877
23,fashion_bags_accessories,1850,182412.16,1.16,87.69,0.3014
24,consoles_games,1044,170550.18,1.09,88.77,0.3151
25,luggage_accessories,1030,170504.09,1.09,89.86,0.3288
26,construction_tools_construction,746,165179.69,1.05,90.91,0.3425
27,home_appliances_2,231,121055.52,0.77,91.69,0.3562
28,home_construction,489,96833.62,0.62,92.30,0.3699
29,home_appliances,762,94771.30,0.60,92.91,0.3836
30,furniture_living_room,420,86557.30,0.55,93.46,0.3973
31,agro_industry_and_commerce,182,78374.07,0.50,93.96,0.411
32,home_confort,397,67073.27,0.43,94.39,0.4247
33,fixed_telephony,209,61639.60,0.39,94.78,0.4384
34,air_conditioning,246,59531.66,0.38,95.16,0.4521
35,kitchen_dining_laundry_garden_furniture,245,57739.30,0.37,95.53,0.4658
36,audio,347,56188.23,0.36,95.89,0.4795
37,books_general_interest,504,54514.15,0.35,96.23,0.4932
38,small_appliances_home_oven_and_coffee,75,50193.57,0.32,96.55,0.5068
39,construction_tools_lights,243,47511.18,0.30,96.86,0.5205
40,industry_commerce_and_business,232,47120.73,0.30,97.16,0.5342
41,construction_tools_safety,165,43420.59,0.28,97.43,0.5479
42,food,448,36400.55,0.23,97.67,0.5616
43,market_place,272,32115.35,0.20,97.87,0.5753
44,costruction_tools_garden,192,30781.89,0.20,98.07,0.589
45,fashion_shoes,237,28207.46,0.18,98.25,0.6027
46,art,201,28196.21,0.18,98.43,0.6164
47,drinks,296,28100.75,0.18,98.61,0.6301
48,signaling_and_security,140,28017.05,0.18,98.78,0.6438
49,furniture_bedroom,95,24661.01,0.16,98.94,0.6575
50,books_technical,259,23079.28,0.15,99.09,0.6712
51,food_drink,225,19608.10,0.13,99.21,0.6849
52,costruction_tools_tools,97,17934.17,0.11,99.33,0.6986
53,fashion_male_clothing,110,12857.59,0.08,99.41,0.7123
54,christmas_supplies,127,12009.19,0.08,99.49,0.726
55,fashion_underwear_beach,121,11457.74,0.07,99.56,0.7397
56,tablets_printing_image,79,8754.61,0.06,99.61,0.7534
57,cine_photo,65,8189.66,0.05,99.67,0.7671
58,music,38,6724.86,0.04,99.71,0.7808
59,furniture_mattress_and_upholstery,38,5998.54,0.04,99.75,0.7945
60,dvds_blu_ray,57,5804.37,0.04,99.79,0.8082
61,books_imported,53,5409.70,0.03,99.82,0.8219
62,party_supplies,39,5313.15,0.03,99.85,0.8356
63,portateis_cozinha_e_preparadores_de_alimentos,13,4228.05,0.03,99.88,0.8493
64,fashio_female_clothing,38,3355.76,0.02,99.90,0.863
65,fashion_sport,27,2697.64,0.02,99.92,0.8767
66,la_cuisine,13,2388.54,0.02,99.93,0.8904
67,arts_and_craftmanship,23,2184.14,0.01,99.95,0.9041
68,diapers_and_hygiene,25,1950.26,0.01,99.96,0.9178
69,flowers,29,1598.91,0.01,99.97,0.9315
70,pc_gamer,7,1430.10,0.01,99.98,0.9452
71,home_comfort_2,24,1170.58,0.01,99.99,0.9589
72,cds_dvds_musicals,12,954.99,0.01,99.99,0.9726
73,fashion_childrens_clothes,8,665.36,0.00,100.00,0.9863
74,security_and_services,2,324.51,0.00,100.00,1.0
