category_rank,category_pt,category_en,display_label,orders,gmv_brl,gmv_share_pct
1,beleza_saude,health_beauty,Health beauty,8757,1432213.38,9.13
2,relogios_presentes,watches_gifts,Watches gifts,5599,1294824.43,8.26
3,cama_mesa_banho,bed_bath_table,Bed bath table,9394,1239779.55,7.90
4,esporte_lazer,sports_leisure,Sports leisure,7656,1144753.87,7.30
5,informatica_acessorios,computers_accessories,Computers accessories,6636,1049201.49,6.69
6,moveis_decoracao,furniture_decor,Furniture decor,6373,892437.53,5.69
7,utilidades_domesticas,housewares,Housewares,5838,770492.60,4.91
8,cool_stuff,cool_stuff,Cool stuff,3609,702849.36,4.48
9,automotivo,auto,Auto,3863,676854.18,4.32
10,ferramentas_jardim,garden_tools,Garden tools,3500,578060.01,3.69
11,brinquedos,toys,Toys,3833,552191.76,3.52
12,bebes,baby,Baby,2859,476802.45,3.04
13,perfumaria,perfumery,Perfumery,3120,445265.27,2.84
14,telefonia,telephony,Telephony,4175,392924.23,2.51
15,moveis_escritorio,office_furniture,Office furniture,1266,340485.47,2.17
