state,city_rank,city_clean,orders,pct_of_state_orders
AC,1,rio branco,70,86.4
AC,2,cruzeiro do sul,3,3.7
AC,3,senador guiomard,2,2.5
AL,1,maceio,245,59.9
AL,2,arapiraca,29,7.1
AL,3,palmeira dos indios,8,2.0
AM,1,manaus,139,94.6
AM,2,humaita,4,2.7
AM,3,urucurituba,2,1.4
AP,1,macapa,54,79.4
AP,2,santana,9,13.2
AP,3,laranjal do jari,2,2.9
BA,1,salvador,1234,36.9
BA,2,feira de santana,185,5.5
BA,3,vitoria da conquista,88,2.6
CE,1,fortaleza,642,48.8
CE,2,caucaia,35,2.7
CE,3,juazeiro do norte,34,2.6
DF,1,brasilia,2106,99.6
DF,2,taguatinga,4,0.2
DF,3,guara,2,0.1
ES,1,vitoria,376,18.7
ES,2,vila velha,328,16.3
ES,3,serra,285,14.2
GO,1,goiania,676,34.0
GO,2,anapolis,111,5.6
GO,3,aparecida de goiania,108,5.4
MA,1,sao luis,344,47.0
MA,2,imperatriz,40,5.5
MA,3,balsas,17,2.3
MG,1,belo horizonte,2726,23.8
MG,2,juiz de fora,423,3.7
MG,3,contagem,418,3.6
MS,1,campo grande,315,44.5
MS,2,dourados,63,8.9
MS,3,tres lagoas,42,5.9
MT,1,cuiaba,246,27.3
MT,2,rondonopolis,65,7.2
MT,3,sinop,44,4.9
PA,1,belem,440,45.6
PA,2,ananindeua,87,9.0
PA,3,santarem,43,4.5
PB,1,joao pessoa,253,47.7
PB,2,campina grande,68,12.8
PB,3,patos,16,3.0
PE,1,recife,606,37.0
PE,2,jaboatao dos guararapes,133,8.1
PE,3,olinda,93,5.7
PI,1,teresina,277,56.6
PI,2,parnaiba,23,4.7
PI,3,floriano,18,3.7
PR,1,curitiba,1496,30.1
PR,2,londrina,298,6.0
PR,3,maringa,263,5.3
RJ,1,rio de janeiro,6772,53.5
RJ,2,niteroi,841,6.6
RJ,3,nova iguacu,438,3.5
RN,1,natal,203,42.5
RN,2,parnamirim,58,12.1
RN,3,mossoro,36,7.5
RO,1,porto velho,109,44.3
RO,2,ji parana,17,6.9
RO,3,vilhena,17,6.9
RR,1,boa vista,42,97.7
RR,2,bonfim,1,2.3
RS,1,porto alegre,1364,25.3
RS,2,caxias do sul,221,4.1
RS,3,canoas,208,3.9
SC,1,florianopolis,562,15.7
SC,2,joinville,262,7.3
SC,3,blumenau,186,5.2
SE,1,aracaju,219,64.0
SE,2,itabaiana,16,4.7
SE,3,nossa senhora do socorro,14,4.1
SP,1,sao paulo,15257,37.2
SP,2,campinas,1416,3.5
SP,3,guarulhos,1166,2.8
TO,1,palmas,90,32.4
TO,2,araguaina,40,14.4
TO,3,gurupi,24,8.6
