category_en,items,avg_price_brl,avg_freight_brl,avg_weight_kg,freight_share_of_gmv_pct,vs_overall_pp
electronics,2754,57.00,16.82,0.78,22.8,8.5
furniture_living_room,501,137.00,35.77,8.10,20.7,6.5
office_furniture,1684,161.69,40.50,11.38,20.0,5.8
food,508,57.41,14.25,0.65,19.9,5.6
furniture_decor,8229,87.69,20.76,2.65,19.1,4.9
housewares,6903,90.62,21.00,3.22,18.8,4.6
telephony,4518,71.29,15.68,0.26,18.0,3.8
luggage_accessories,1088,128.78,27.93,5.79,17.8,3.6
fashion_bags_accessories,2016,75.02,15.46,0.38,17.1,2.8
garden_tools,4323,110.95,22.76,2.83,17.0,2.8
stationery,2505,91.65,18.59,2.75,16.9,2.6
books_general_interest,545,83.49,16.53,0.74,16.5,2.3
bed_bath_table,11089,93.38,18.42,2.12,16.5,2.2
home_appliances,769,104.03,19.21,1.91,15.6,1.3
pet_shop,1938,109.95,20.29,2.91,15.6,1.3
sports_leisure,8573,114.05,19.48,1.73,14.6,0.3
home_construction,603,137.66,22.92,3.06,14.3,0.0
baby,3032,134.88,22.38,3.29,14.2,0.0
toys,4059,117.20,18.84,1.86,13.9,-0.4
computers_accessories,7760,116.36,18.85,0.90,13.9,-0.3
unknown,1587,112.48,17.59,1.65,13.5,-0.7
auto,4195,139.49,21.85,2.59,13.5,-0.7
health_beauty,9585,130.53,18.89,1.04,12.6,-1.6
construction_tools_construction,927,155.93,22.25,3.12,12.5,-1.8
perfumery,3373,116.15,15.86,0.48,12.0,-2.2
cool_stuff,3772,164.30,22.04,2.54,11.8,-2.4
consoles_games,1117,135.22,17.46,0.44,11.4,-2.8
musical_instruments,669,280.70,27.25,3.09,8.8,-5.4
small_appliances,671,280.04,23.58,2.96,7.8,-6.5
watches_gifts,5965,200.31,16.76,0.58,7.7,-6.5
